Status,Reference #,Listed,Updated
Unpublished,UNI-R-1327,20/01/2021,30/09/2021
Unpublished,UNI-R-1359,23/01/2021,30/09/2021
Published,UNI-R-1012,21/11/2020,29/09/2021
Unpublished,UNI-R-1611,20/02/2021,29/09/2021
Unpublished,UNI-R-1637,23/02/2021,25/09/2021
Unpublished,UNI-R-1998,04/08/2021,23/09/2021
Published,UNI-R-1646,24/02/2021,22/09/2021
Unpublished,UNI-R-1763,16/03/2021,22/09/2021
Unpublished,UNI-R-2015,31/08/2021,21/09/2021
Unpublished,UNI-R-1320,20/01/2021,20/09/2021
Unpublished,UNI-R-1952,05/07/2021,20/09/2021
Unpublished,UNI-R-1989,29/07/2021,20/09/2021
Unpublished,UNI-R-1201,13/01/2021,20/09/2021
Unpublished,UNI-R-1020,22/11/2020,20/09/2021
Unpublished,UNI-R-1052,26/11/2020,20/09/2021
Published,UNI-R-2021,18/09/2021,18/09/2021
Unpublished,UNI-R-2005,15/08/2021,18/09/2021
Published,UNI-R-2007,16/08/2021,18/09/2021
Unpublished,UNI-R-1993,01/08/2021,18/09/2021
Published,UNI-R-2020,16/09/2021,16/09/2021
Published,UNI-R-2019,15/09/2021,15/09/2021
Unpublished,UNI-R-1940,16/06/2021,13/09/2021
Unpublished,UNI-R-2016,01/09/2021,12/09/2021
Published,UNI-R-1999,04/08/2021,11/09/2021
Published,UNI-R-1991,01/08/2021,08/09/2021
Unpublished,UNI-R-1954,07/07/2021,05/09/2021
Unpublished,UNI-R-1957,08/07/2021,05/09/2021
Unpublished,UNI-R-1958,08/07/2021,05/09/2021
Unpublished,UNI-R-1962,08/07/2021,05/09/2021
Published,UNI-R-2018,01/09/2021,01/09/2021
Published,UNI-R-2017,01/09/2021,01/09/2021
Unpublished,UNI-R-2004,15/08/2021,30/08/2021
Unpublished,UNI-R-1885,27/04/2021,30/08/2021
Unpublished,UNI-R-1198,11/01/2021,30/08/2021
Unpublished,UNI-R-1986,27/07/2021,30/08/2021
Published,UNI-R-2003,11/08/2021,30/08/2021
Unpublished,UNI-R-1643,23/02/2021,30/08/2021
Published,UNI-R-1775,22/03/2021,30/08/2021
Unpublished,UNI-R-1972,13/07/2021,29/08/2021
Unpublished,UNI-R-1936,12/06/2021,25/08/2021
Published,UNI-R-2014,24/08/2021,24/08/2021
Published,UNI-R-2013,24/08/2021,24/08/2021
Published,UNI-R-2012,24/08/2021,24/08/2021
Unpublished,UNI-R-1156,28/12/2020,24/08/2021
Published,UNI-R-2011,24/08/2021,24/08/2021
Unpublished,UNI-R-1151,26/12/2020,24/08/2021
Published,UNI-R-1161,31/12/2020,24/08/2021
Published,UNI-R-1162,31/12/2020,24/08/2021
Unpublished,UNI-R-1170,05/01/2021,24/08/2021
Published,UNI-R-2001,10/08/2021,23/08/2021
Published,UNI-R-2010,18/08/2021,18/08/2021
Published,UNI-R-1985,25/07/2021,18/08/2021
Published,UNI-R-2009,18/08/2021,18/08/2021
Published,UNI-R-1717,07/03/2021,17/08/2021
Published,UNI-R-1979,14/07/2021,17/08/2021
Published,UNI-R-2008,17/08/2021,17/08/2021
Unpublished,UNI-R-1762,16/03/2021,16/08/2021
Published,UNI-R-1868,06/04/2021,16/08/2021
Unpublished,UNI-R-1919,02/06/2021,16/08/2021
Published,UNI-R-1815,29/03/2021,16/08/2021
Published,UNI-R-2006,15/08/2021,15/08/2021
Unpublished,UNI-R-1982,24/07/2021,15/08/2021
Published,UNI-R-1911,01/06/2021,10/08/2021
Published,UNI-R-1910,01/06/2021,10/08/2021
Published,UNI-R-1978,14/07/2021,10/08/2021
Published,UNI-R-1924,03/06/2021,10/08/2021
Published,UNI-R-1923,03/06/2021,10/08/2021
Published,UNI-R-1914,01/06/2021,10/08/2021
Published,UNI-R-2002,10/08/2021,10/08/2021
Published,UNI-R-1658,25/02/2021,09/08/2021
Published,UNI-R-1977,14/07/2021,09/08/2021
Published,UNI-R-1660,25/02/2021,09/08/2021
Unpublished,UNI-R-1898,20/05/2021,09/08/2021
Published,UNI-R-1903,25/05/2021,09/08/2021
Unpublished,UNI-R-1928,06/06/2021,09/08/2021
Published,UNI-R-1470,04/02/2021,09/08/2021
Unpublished,UNI-R-1472,06/02/2021,09/08/2021
Published,UNI-R-1659,25/02/2021,09/08/2021
Published,UNI-R-1657,25/02/2021,09/08/2021
Unpublished,UNI-R-1194,10/01/2021,09/08/2021
Published,UNI-R-1662,25/02/2021,09/08/2021
Published,UNI-R-1871,10/04/2021,08/08/2021
Unpublished,UNI-R-1251,17/01/2021,08/08/2021
Unpublished,UNI-R-1266,18/01/2021,08/08/2021
Published,UNI-R-1935,09/06/2021,08/08/2021
Unpublished,UNI-R-1896,19/05/2021,08/08/2021
Published,UNI-R-2000,08/08/2021,08/08/2021
Published,UNI-R-1997,03/08/2021,03/08/2021
Published,UNI-R-1996,03/08/2021,03/08/2021
Unpublished,UNI-R-1685,02/03/2021,03/08/2021
Published,UNI-R-1995,02/08/2021,02/08/2021
Published,UNI-R-1994,02/08/2021,02/08/2021
Unpublished,UNI-R-1705,06/03/2021,01/08/2021
Unpublished,UNI-R-1932,08/06/2021,01/08/2021
Published,UNI-R-1992,01/08/2021,01/08/2021
Unpublished,UNI-R-1694,04/03/2021,31/07/2021
Published,UNI-R-1218,16/01/2021,31/07/2021
Unpublished,UNI-R-1184,07/01/2021,31/07/2021
Published,UNI-R-1226,17/01/2021,31/07/2021
Unpublished,UNI-R-1213,14/01/2021,31/07/2021
Published,UNI-S-1434,23/01/2021,29/09/2021
Published,UNI-S-1579,08/02/2021,28/09/2021
Published,UNI-S-1584,08/02/2021,28/09/2021
Published,UNI-S-1537,02/02/2021,28/09/2021
Unpublished,UNI-S-1536,02/02/2021,28/09/2021
Published,UNI-S-1988,11/07/2021,25/09/2021
Published,UNI-S-1960,30/06/2021,23/09/2021
Published,UNI-S-1959,30/06/2021,23/09/2021
Published,UNI-S-1185,26/12/2020,23/09/2021
Published,UNI-S-2051,18/09/2021,23/09/2021
Published,UNI-S-2025,18/08/2021,23/09/2021
Published,UNI-S-1916,02/06/2021,23/09/2021
Published,UNI-S-1956,28/06/2021,23/09/2021
Published,UNI-S-1962,01/07/2021,23/09/2021
Published,UNI-S-1381,19/01/2021,23/09/2021
Published,UNI-S-1949,23/06/2021,23/09/2021
Published,UNI-S-1891,16/05/2021,23/09/2021
Published,UNI-S-1950,23/06/2021,22/09/2021
Published,UNI-S-1955,24/06/2021,22/09/2021
Published,UNI-S-1954,24/06/2021,22/09/2021
Published,UNI-S-1952,24/06/2021,22/09/2021
Unpublished,UNI-S-1948,23/06/2021,22/09/2021
Published,UNI-S-1946,22/06/2021,22/09/2021
Published,UNI-S-1615,11/02/2021,22/09/2021
Published,UNI-S-1560,06/02/2021,22/09/2021
Published,UNI-S-1945,22/06/2021,22/09/2021
Published,UNI-S-1565,06/02/2021,22/09/2021
Published,UNI-S-1944,22/06/2021,22/09/2021
Published,UNI-S-1942,21/06/2021,22/09/2021
Published,UNI-S-1260,11/01/2021,22/09/2021
Unpublished,UNI-S-1922,05/06/2021,22/09/2021
Published,UNI-S-2005,26/07/2021,22/09/2021
Published,UNI-S-2037,24/08/2021,21/09/2021
Published,UNI-S-2035,22/08/2021,21/09/2021
Published,UNI-S-2058,21/09/2021,21/09/2021
Published,UNI-S-2057,21/09/2021,21/09/2021
Published,UNI-S-1937,17/06/2021,20/09/2021
Published,UNI-S-1169,21/12/2020,20/09/2021
Published,UNI-S-1104,15/12/2020,20/09/2021
Published,UNI-S-1179,24/12/2020,20/09/2021
Published,UNI-S-1913,01/06/2021,20/09/2021
Published,UNI-S-1076,29/11/2020,20/09/2021
Published,UNI-S-1936,17/06/2021,20/09/2021
Published,UNI-S-1101,14/12/2020,20/09/2021
Published,UNI-S-1078,05/12/2020,20/09/2021
Published,UNI-S-1690,21/02/2021,20/09/2021
Unpublished,UNI-S-1763,13/03/2021,20/09/2021
Published,UNI-S-1929,06/06/2021,20/09/2021
Published,UNI-S-1742,08/03/2021,20/09/2021
Published,UNI-S-1903,25/05/2021,20/09/2021
Published,UNI-S-1902,25/05/2021,20/09/2021
Published,UNI-S-1671,18/02/2021,20/09/2021
Unpublished,UNI-S-1652,16/02/2021,20/09/2021
Published,UNI-S-1777,16/03/2021,20/09/2021
Published,UNI-S-1081,05/12/2020,20/09/2021
Published,UNI-S-1072,29/11/2020,20/09/2021
Unpublished,UNI-S-1092,07/12/2020,20/09/2021
Published,UNI-S-1053,28/11/2020,19/09/2021
Published,UNI-S-1050,28/11/2020,19/09/2021
Published,UNI-S-1051,28/11/2020,19/09/2021
Published,UNI-S-1074,29/11/2020,19/09/2021
Published,UNI-S-1083,05/12/2020,19/09/2021
Published,UNI-S-1085,06/12/2020,19/09/2021
Unpublished,UNI-S-1923,05/06/2021,19/09/2021
Published,UNI-S-1089,06/12/2020,19/09/2021
Published,UNI-S-1088,06/12/2020,19/09/2021
Published,UNI-S-1087,06/12/2020,19/09/2021
Published,UNI-S-1091,07/12/2020,19/09/2021
Published,UNI-S-1093,07/12/2020,19/09/2021
Published,UNI-S-1100,13/12/2020,19/09/2021
Published,UNI-S-1106,16/12/2020,19/09/2021
Published,UNI-S-1150,19/12/2020,19/09/2021
Published,UNI-S-1148,17/12/2020,19/09/2021
Published,UNI-S-1109,16/12/2020,19/09/2021
Published,UNI-S-1182,26/12/2020,19/09/2021
Published,UNI-S-1184,26/12/2020,19/09/2021
Published,UNI-S-1198,27/12/2020,19/09/2021
Published,UNI-S-1206,29/12/2020,19/09/2021
Published,UNI-S-1207,29/12/2020,19/09/2021
Published,UNI-S-1244,10/01/2021,19/09/2021
Published,UNI-S-1243,10/01/2021,19/09/2021
Published,UNI-S-1245,10/01/2021,19/09/2021
Published,UNI-S-1231,07/01/2021,19/09/2021
Unpublished,UNI-S-1272,12/01/2021,19/09/2021
Published,UNI-S-1274,12/01/2021,19/09/2021
Published,UNI-S-1273,12/01/2021,19/09/2021
Published,UNI-S-1275,12/01/2021,19/09/2021
Published,UNI-S-1276,12/01/2021,19/09/2021
Published,UNI-S-1277,12/01/2021,19/09/2021
Published,UNI-S-1595,09/02/2021,19/09/2021
Unpublished,UNI-S-1208,30/12/2020,19/09/2021
Published,UNI-S-2056,18/09/2021,18/09/2021
Published,UNI-S-2055,18/09/2021,18/09/2021
Published,UNI-S-2053,18/09/2021,18/09/2021
Published,UNI-S-2054,18/09/2021,18/09/2021
Published,UNI-S-2052,18/09/2021,18/09/2021
Published,UNI-S-1173,22/12/2020,18/09/2021
Published,UNI-S-1712,28/02/2021,15/09/2021
Published,UNI-S-1711,28/02/2021,15/09/2021
Published,UNI-S-1200,28/12/2020,15/09/2021
Unpublished,UNI-R-1954,07/07/2021,05/09/2021
Unpublished,UNI-R-1957,08/07/2021,05/09/2021
Unpublished,UNI-R-1958,08/07/2021,05/09/2021
Unpublished,UNI-R-1962,08/07/2021,05/09/2021
Published,UNI-R-2018,01/09/2021,01/09/2021
Published,UNI-R-2017,01/09/2021,01/09/2021
Unpublished,UNI-R-2004,15/08/2021,30/08/2021
Unpublished,UNI-R-1885,27/04/2021,30/08/2021
Unpublished,UNI-R-1198,11/01/2021,30/08/2021
Unpublished,UNI-R-1986,27/07/2021,30/08/2021
Published,UNI-R-2003,11/08/2021,30/08/2021
Unpublished,UNI-R-1643,23/02/2021,30/08/2021
Published,UNI-R-1775,22/03/2021,30/08/2021
Unpublished,UNI-R-1972,13/07/2021,29/08/2021
Unpublished,UNI-R-1936,12/06/2021,25/08/2021
Published,UNI-R-2014,24/08/2021,24/08/2021
Published,UNI-R-2013,24/08/2021,24/08/2021
Published,UNI-R-2012,24/08/2021,24/08/2021
Unpublished,UNI-R-1156,28/12/2020,24/08/2021
Published,UNI-R-2011,24/08/2021,24/08/2021
Unpublished,UNI-R-1151,26/12/2020,24/08/2021
Published,UNI-R-1161,31/12/2020,24/08/2021
Published,UNI-R-1162,31/12/2020,24/08/2021
Unpublished,UNI-R-1170,05/01/2021,24/08/2021
Published,UNI-R-2001,10/08/2021,23/08/2021
Published,UNI-R-2010,18/08/2021,18/08/2021
Published,UNI-R-1985,25/07/2021,18/08/2021
Published,UNI-R-2009,18/08/2021,18/08/2021
Published,UNI-R-1717,07/03/2021,17/08/2021
Published,UNI-R-1979,14/07/2021,17/08/2021
Published,UNI-R-2008,17/08/2021,17/08/2021
Unpublished,UNI-R-1762,16/03/2021,16/08/2021
Published,UNI-R-1868,06/04/2021,16/08/2021
Unpublished,UNI-R-1919,02/06/2021,16/08/2021
Published,UNI-R-1815,29/03/2021,16/08/2021
Published,UNI-R-2006,15/08/2021,15/08/2021
Unpublished,UNI-R-1982,24/07/2021,15/08/2021
Published,UNI-R-1911,01/06/2021,10/08/2021
Published,UNI-R-1910,01/06/2021,10/08/2021
Published,UNI-R-1978,14/07/2021,10/08/2021
Published,UNI-R-1924,03/06/2021,10/08/2021
Published,UNI-R-1923,03/06/2021,10/08/2021
Published,UNI-R-1914,01/06/2021,10/08/2021
Published,UNI-R-2002,10/08/2021,10/08/2021
Published,UNI-R-1658,25/02/2021,09/08/2021
Published,UNI-R-1977,14/07/2021,09/08/2021
Published,UNI-R-1660,25/02/2021,09/08/2021
Unpublished,UNI-R-1898,20/05/2021,09/08/2021
Published,UNI-R-1903,25/05/2021,09/08/2021
Unpublished,UNI-R-1928,06/06/2021,09/08/2021
Published,UNI-R-1470,04/02/2021,09/08/2021
Unpublished,UNI-R-1472,06/02/2021,09/08/2021
Published,UNI-R-1659,25/02/2021,09/08/2021
Published,UNI-R-1657,25/02/2021,09/08/2021
Unpublished,UNI-R-1194,10/01/2021,09/08/2021
Published,UNI-R-1662,25/02/2021,09/08/2021
Published,UNI-R-1871,10/04/2021,08/08/2021
Unpublished,UNI-R-1251,17/01/2021,08/08/2021
Unpublished,UNI-R-1266,18/01/2021,08/08/2021
Published,UNI-R-1935,09/06/2021,08/08/2021
Unpublished,UNI-R-1896,19/05/2021,08/08/2021
Published,UNI-R-2000,08/08/2021,08/08/2021
Published,UNI-R-1997,03/08/2021,03/08/2021
Published,UNI-R-1996,03/08/2021,03/08/2021
Unpublished,UNI-R-1685,02/03/2021,03/08/2021
Published,UNI-R-1995,02/08/2021,02/08/2021
Published,UNI-R-1994,02/08/2021,02/08/2021
Unpublished,UNI-R-1705,06/03/2021,01/08/2021
Unpublished,UNI-R-1932,08/06/2021,01/08/2021
Published,UNI-R-1992,01/08/2021,01/08/2021
Unpublished,UNI-R-1694,04/03/2021,31/07/2021
Published,UNI-R-1218,16/01/2021,31/07/2021
Unpublished,UNI-R-1184,07/01/2021,31/07/2021
Published,UNI-R-1226,17/01/2021,31/07/2021
Unpublished,UNI-R-1213,14/01/2021,31/07/2021
Published,UNI-R-1990,31/07/2021,31/07/2021
Published,UNI-R-1949,01/07/2021,31/07/2021
Published,UNI-R-1473,06/02/2021,31/07/2021
Published,UNI-R-1739,10/03/2021,31/07/2021
Unpublished,UNI-R-1759,16/03/2021,31/07/2021
Unpublished,UNI-R-1922,03/06/2021,29/07/2021
Published,UNI-R-1988,29/07/2021,29/07/2021
Published,UNI-R-1793,28/03/2021,27/07/2021
Published,UNI-R-1987,27/07/2021,27/07/2021
Unpublished,UNI-R-1210,14/01/2021,26/07/2021
Unpublished,UNI-R-1951,04/07/2021,25/07/2021
Published,UNI-R-1526,72.97,10/02/2021
Published,UNI-R-1948,01/07/2021,25/07/2021
Published,UNI-R-1984,25/07/2021,25/07/2021
Published,UNI-R-1983,24/07/2021,24/07/2021
Unpublished,UNI-R-1471,06/02/2021,24/07/2021
Unpublished,UNI-R-1733,09/03/2021,24/07/2021
Published,UNI-R-1981,24/07/2021,24/07/2021
Unpublished,UNI-R-1938,14/06/2021,24/07/2021
Published,UNI-R-1964,10/07/2021,15/07/2021
Unpublished,UNI-R-1342,21/01/2021,15/07/2021
Unpublished,UNI-R-1645,24/02/2021,15/07/2021
Published,UNI-R-1980,15/07/2021,15/07/2021
Unpublished,UNI-R-1929,06/06/2021,14/07/2021
Unpublished,UNI-R-1761,16/03/2021,14/07/2021
Published,UNI-S-1393,20/01/2021,15/09/2021
Published,UNI-S-1395,21/01/2021,14/09/2021
Published,UNI-S-1347,17/01/2021,14/09/2021
Published,UNI-S-1387,20/01/2021,14/09/2021
Published,UNI-S-1391,20/01/2021,14/09/2021
Published,UNI-S-1594,09/02/2021,14/09/2021
Published,UNI-S-1290,13/01/2021,14/09/2021
Unpublished,UNI-S-1189,26/12/2020,14/09/2021
Published,UNI-S-1596,10/02/2021,14/09/2021
Published,UNI-S-1105,15/12/2020,14/09/2021
Published,UNI-S-1814,24/03/2021,14/09/2021
Published,UNI-S-1798,21/03/2021,14/09/2021
Published,UNI-S-1285,13/01/2021,14/09/2021
Published,UNI-S-1726,02/03/2021,14/09/2021
Published,UNI-S-1816,24/03/2021,13/09/2021
Unpublished,UNI-S-1987,11/07/2021,13/09/2021
Published,UNI-S-1829,29/03/2021,13/09/2021
Published,UNI-S-1957,28/06/2021,13/09/2021
Published,UNI-S-1153,19/12/2020,13/09/2021
Published,UNI-S-1011,21/11/2020,13/09/2021
Published,UNI-S-1826,27/03/2021,13/09/2021
Published,UNI-S-1056,28/11/2020,13/09/2021
Published,UNI-S-1813,23/03/2021,13/09/2021
Published,UNI-S-1935,16/06/2021,13/09/2021
Published,UNI-S-1063,29/11/2020,13/09/2021
Published,UNI-S-1845,04/04/2021,13/09/2021
Published,UNI-S-1672,18/02/2021,13/09/2021
Published,UNI-S-1052,28/11/2020,13/09/2021
Published,UNI-S-1811,23/03/2021,13/09/2021
Published,UNI-S-1593,09/02/2021,13/09/2021
Published,UNI-S-1467,24/01/2021,13/09/2021
Published,UNI-S-1483,25/01/2021,13/09/2021
Unpublished,UNI-S-1827,28/03/2021,13/09/2021
Published,UNI-S-1475,25/01/2021,13/09/2021
Unpublished,UNI-S-1566,06/02/2021,12/09/2021
Published,UNI-S-2049,12/09/2021,12/09/2021
Published,UNI-S-2050,12/09/2021,12/09/2021
Published,UNI-S-1213,04/01/2021,11/09/2021
Published,UNI-S-1919,02/06/2021,11/09/2021
Published,UNI-S-1648,15/02/2021,11/09/2021
Published,UNI-S-1629,13/02/2021,11/09/2021
Unpublished,UNI-S-1466,24/01/2021,11/09/2021
Unpublished,UNI-S-1503,28/01/2021,11/09/2021
Unpublished,UNI-S-1998,17/07/2021,11/09/2021
Published,UNI-S-1797,21/03/2021,11/09/2021
Unpublished,UNI-S-2019,10/08/2021,11/09/2021
Published,UNI-S-1217,05/01/2021,09/09/2021
Published,UNI-S-1830,29/03/2021,09/09/2021
Published,UNI-S-1152,19/12/2020,09/09/2021
Published,UNI-S-1151,19/12/2020,09/09/2021
Published,UNI-S-1831,29/03/2021,09/09/2021
Published,UNI-S-1215,04/01/2021,09/09/2021
Published,UNI-S-1195,26/12/2020,09/09/2021
Published,UNI-S-1166,21/12/2020,09/09/2021
Unpublished,UNI-S-1029,22/11/2020,09/09/2021
Published,UNI-S-1832,29/03/2021,09/09/2021
Published,UNI-S-1194,26/12/2020,09/09/2021
Published,UNI-S-1149,19/12/2020,09/09/2021
Published,UNI-S-2048,09/09/2021,09/09/2021
Published,UNI-S-2047,09/09/2021,09/09/2021
Unpublished,UNI-S-1905,26/05/2021,08/09/2021
Published,UNI-S-1834,31/03/2021,08/09/2021
Unpublished,UNI-S-1280,12/01/2021,07/09/2021
Published,UNI-S-1090,06/12/2020,07/09/2021
Published,UNI-S-1765,14/03/2021,06/09/2021
Published,UNI-S-1928,06/06/2021,06/09/2021
Published,UNI-S-1216,04/01/2021,06/09/2021
Published,UNI-S-2046,06/09/2021,06/09/2021
Unpublished,UNI-S-1951,23/06/2021,05/09/2021
Published,UNI-S-2045,05/09/2021,05/09/2021
Published,UNI-S-2044,02/09/2021,02/09/2021
Published,UNI-S-2043,02/09/2021,02/09/2021
Published,UNI-S-2042,02/09/2021,02/09/2021
Published,UNI-S-2041,02/09/2021,02/09/2021
Published,UNI-S-2009,02/08/2021,02/09/2021
Published,UNI-S-1036,23/11/2020,01/09/2021
Published,UNI-S-1253,11/01/2021,01/09/2021
Published,UNI-S-1399,21/01/2021,01/09/2021
Published,UNI-S-1251,10/01/2021,01/09/2021
Published,UNI-S-1254,11/01/2021,01/09/2021
Unpublished,UNI-S-1640,14/02/2021,01/09/2021
Published,UNI-S-2040,01/09/2021,01/09/2021
Unpublished,UNI-S-1953,24/06/2021,31/08/2021
Published,UNI-S-1941,20/06/2021,30/08/2021
Published,UNI-S-2039,30/08/2021,30/08/2021
Published,UNI-S-1643,14/02/2021,30/08/2021
Published,UNI-S-1880,27/04/2021,30/08/2021
Published,UNI-S-1495,26/01/2021,30/08/2021
Published,UNI-S-1746,08/03/2021,29/08/2021
Published,UNI-S-1661,17/02/2021,29/08/2021
Published,UNI-S-2036,23/08/2021,29/08/2021
Published,UNI-S-2038,28/08/2021,28/08/2021
Unpublished,UNI-S-1723,02/03/2021,28/08/2021
Published,UNI-S-1670,18/02/2021,24/08/2021
Published,UNI-S-1858,06/04/2021,24/08/2021
Published,UNI-S-1855,05/04/2021,24/08/2021
Unpublished,UNI-S-1210,31/12/2020,23/08/2021
Published,UNI-S-1171,21/12/2020,23/08/2021
Published,UNI-S-1856,05/04/2021,23/08/2021
Unpublished,UNI-S-1754,10/03/2021,23/08/2021
Published,UNI-R-1894,02/05/2021,02/05/2021
Unpublished,UNI-R-1892,02/05/2021,02/05/2021
Unpublished,UNI-R-1891,02/05/2021,02/05/2021
Unpublished,UNI-R-1890,01/05/2021,01/05/2021
Unpublished,UNI-R-1889,01/05/2021,01/05/2021
Unpublished,UNI-R-1888,01/05/2021,01/05/2021
Unpublished,UNI-R-1887,01/05/2021,01/05/2021
Unpublished,UNI-R-1859,03/04/2021,29/04/2021
Unpublished,UNI-R-1886,27/04/2021,27/04/2021
Published,UNI-R-1380,25/01/2021,27/04/2021
Published,UNI-R-1381,25/01/2021,27/04/2021
Published,UNI-R-1383,25/01/2021,27/04/2021
Published,UNI-R-1126,22/12/2020,27/04/2021
Published,UNI-R-1423,30/01/2021,27/04/2021
Published,UNI-R-1452,31/01/2021,27/04/2021
Published,UNI-R-1459,01/02/2021,27/04/2021
Published,UNI-R-1460,02/02/2021,27/04/2021
Published,UNI-R-1463,02/02/2021,27/04/2021
Published,UNI-R-1467,02/02/2021,27/04/2021
Published,UNI-R-1468,02/02/2021,27/04/2021
Published,UNI-R-1506,09/02/2021,26/04/2021
Published,UNI-R-1510,10/02/2021,26/04/2021
Published,UNI-R-1514,10/02/2021,26/04/2021
Published,UNI-R-1003,18/11/2020,26/04/2021
Published,UNI-R-1538,13/02/2021,26/04/2021
Published,UNI-R-1551,13/02/2021,26/04/2021
Published,UNI-R-1549,13/02/2021,26/04/2021
Published,UNI-R-1550,13/02/2021,26/04/2021
Published,UNI-R-1552,13/02/2021,26/04/2021
Published,UNI-R-1554,13/02/2021,26/04/2021
Published,UNI-R-1553,13/02/2021,26/04/2021
Published,UNI-R-1580,17/02/2021,26/04/2021
Published,UNI-R-1588,18/02/2021,26/04/2021
Published,UNI-R-1671,28/02/2021,26/04/2021
Published,UNI-R-1386,26/01/2021,26/04/2021
Published,UNI-R-1677,02/03/2021,26/04/2021
Published,UNI-R-1678,02/03/2021,25/04/2021
Published,UNI-R-1680,02/03/2021,25/04/2021
Published,UNI-R-1702,04/03/2021,25/04/2021
Published,UNI-R-1706,06/03/2021,25/04/2021
Published,UNI-R-1707,06/03/2021,25/04/2021
Published,UNI-R-1709,06/03/2021,25/04/2021
Published,UNI-R-1708,06/03/2021,25/04/2021
Published,UNI-R-1732,09/03/2021,25/04/2021
Published,UNI-R-1741,11/03/2021,25/04/2021
Published,UNI-R-1748,11/03/2021,25/04/2021
Published,UNI-R-1621,21/02/2021,25/04/2021
Published,UNI-R-1211,14/01/2021,25/04/2021
Published,UNI-R-1781,24/03/2021,25/04/2021
Published,UNI-R-1795,28/03/2021,25/04/2021
Published,UNI-R-1794,28/03/2021,25/04/2021
Published,UNI-R-1796,28/03/2021,25/04/2021
Published,UNI-R-1183,07/01/2021,25/04/2021
Published,UNI-R-1352,23/01/2021,24/04/2021
Unpublished,UNI-R-1159,28/12/2020,21/04/2021
Published,UNI-R-1884,20/04/2021,20/04/2021
Unpublished,UNI-R-1883,17/04/2021,17/04/2021
Unpublished,UNI-R-1882,12/04/2021,12/04/2021
Unpublished,UNI-R-1881,12/04/2021,12/04/2021
Unpublished,UNI-R-1880,12/04/2021,12/04/2021
Unpublished,UNI-R-1879,12/04/2021,12/04/2021
Unpublished,UNI-R-1878,12/04/2021,12/04/2021
Unpublished,UNI-R-1877,12/04/2021,12/04/2021
Unpublished,UNI-R-1876,12/04/2021,12/04/2021
Published,UNI-R-1875,12/04/2021,12/04/2021
Unpublished,UNI-R-1874,12/04/2021,12/04/2021
Unpublished,UNI-R-1873,12/04/2021,12/04/2021
Unpublished,UNI-R-1872,12/04/2021,12/04/2021
Published,UNI-R-1451,31/01/2021,12/04/2021
Published,UNI-R-1869,07/04/2021,07/04/2021
Published,UNI-R-1867,06/04/2021,06/04/2021
Unpublished,UNI-R-1866,06/04/2021,06/04/2021
Unpublished,UNI-R-1865,06/04/2021,06/04/2021
Unpublished,UNI-R-1864,06/04/2021,06/04/2021
Unpublished,UNI-R-1167,04/01/2021,05/04/2021
Published,UNI-R-1610,20/02/2021,05/04/2021
Published,UNI-R-1612,20/02/2021,05/04/2021
Unpublished,UNI-R-1123,21/12/2020,05/04/2021
Published,UNI-R-1212,14/01/2021,05/04/2021
Unpublished,UNI-R-1438,31/01/2021,05/04/2021
Published,UNI-R-1862,05/04/2021,05/04/2021
Unpublished,UNI-R-1860,03/04/2021,03/04/2021
Unpublished,UNI-R-1858,03/04/2021,03/04/2021
Unpublished,UNI-R-1857,03/04/2021,03/04/2021
Unpublished,UNI-R-1856,03/04/2021,03/04/2021
Unpublished,UNI-R-1855,03/04/2021,03/04/2021
Unpublished,UNI-R-1854,03/04/2021,03/04/2021
Unpublished,UNI-R-1853,03/04/2021,03/04/2021
Unpublished,UNI-R-1852,01/04/2021,01/04/2021
Unpublished,UNI-R-1851,01/04/2021,01/04/2021
Unpublished,UNI-R-1850,01/04/2021,01/04/2021
Unpublished,UNI-R-1849,01/04/2021,01/04/2021
Published,UNI-R-1661,25/02/2021,01/04/2021
Unpublished,UNI-R-1847,01/04/2021,01/04/2021
Unpublished,UNI-R-1117,21/12/2020,01/04/2021
Unpublished,UNI-R-1118,21/12/2020,01/04/2021
Unpublished,UNI-R-1846,31/03/2021,31/03/2021
Unpublished,UNI-R-1845,31/03/2021,31/03/2021
Unpublished,UNI-R-1839,31/03/2021,31/03/2021
Unpublished,UNI-R-1840,31/03/2021,31/03/2021
Published,UNI-S-1852,05/04/2021,23/08/2021
Published,UNI-S-1708,27/02/2021,23/08/2021
Published,UNI-S-1518,31/01/2021,22/08/2021
Unpublished,UNI-S-1892,17/05/2021,22/08/2021
Unpublished,UNI-S-1527,01/02/2021,22/08/2021
Unpublished,UNI-S-1645,15/02/2021,22/08/2021
Unpublished,UNI-S-1683,20/02/2021,22/08/2021
Published,UNI-S-1647,15/02/2021,22/08/2021
Published,UNI-S-1204,28/12/2020,22/08/2021
Published,UNI-S-1889,06/05/2021,22/08/2021
Published,UNI-S-1890,16/05/2021,22/08/2021
Published,UNI-S-2034,22/08/2021,22/08/2021
Published,UNI-S-1366,18/01/2021,21/08/2021
Published,UNI-S-1222,06/01/2021,21/08/2021
Published,UNI-S-2021,11/08/2021,21/08/2021
Published,UNI-S-2033,21/08/2021,21/08/2021
Published,UNI-S-1931,06/06/2021,21/08/2021
Unpublished,UNI-S-1159,20/12/2020,21/08/2021
Published,UNI-S-2031,21/08/2021,21/08/2021
Published,UNI-S-1740,08/03/2021,19/08/2021
Published,UNI-S-1739,08/03/2021,19/08/2021
Published,UNI-S-2030,19/08/2021,19/08/2021
Published,UNI-S-1848,04/04/2021,19/08/2021
Published,UNI-S-1934,14/06/2021,19/08/2021
Published,UNI-S-1620,11/02/2021,19/08/2021
Unpublished,UNI-S-1639,14/02/2021,19/08/2021
Published,UNI-S-1619,11/02/2021,19/08/2021
Published,UNI-S-1555,04/02/2021,19/08/2021
Published,UNI-S-1554,04/02/2021,19/08/2021
Published,UNI-S-1437,23/01/2021,19/08/2021
Published,UNI-S-1553,04/02/2021,19/08/2021
Unpublished,UNI-S-1509,30/01/2021,19/08/2021
Published,UNI-S-1549,04/02/2021,19/08/2021
Published,UNI-S-1551,04/02/2021,19/08/2021
Published,UNI-S-1175,23/12/2020,19/08/2021
Published,UNI-S-1449,23/01/2021,19/08/2021
Published,UNI-S-1738,07/03/2021,19/08/2021
Published,UNI-S-1580,08/02/2021,19/08/2021
Unpublished,UNI-S-1682,20/02/2021,19/08/2021
Published,UNI-S-2029,18/08/2021,18/08/2021
Published,UNI-S-1994,13/07/2021,18/08/2021
Unpublished,UNI-S-1638,14/02/2021,18/08/2021
Published,UNI-S-1532,01/02/2021,18/08/2021
Unpublished,UNI-S-1707,25/02/2021,18/08/2021
Published,UNI-S-2028,18/08/2021,18/08/2021
Published,UNI-S-1684,20/02/2021,18/08/2021
Published,UNI-S-1633,13/02/2021,18/08/2021
Unpublished,UNI-S-1535,02/02/2021,18/08/2021
Published,UNI-S-1578,08/02/2021,18/08/2021
Published,UNI-S-1702,24/02/2021,18/08/2021
Published,UNI-S-1679,20/02/2021,18/08/2021
Published,UNI-S-2027,18/08/2021,18/08/2021
Published,UNI-S-2024,16/08/2021,18/08/2021
Published,UNI-S-2026,18/08/2021,18/08/2021
Unpublished,UNI-S-1348,17/01/2021,18/08/2021
Published,UNI-S-1870,17/04/2021,18/08/2021
Published,UNI-S-1866,12/04/2021,18/08/2021
Published,UNI-S-1867,12/04/2021,18/08/2021
Unpublished,UNI-S-1868,12/04/2021,18/08/2021
Published,UNI-S-1034,23/11/2020,18/08/2021
Unpublished,UNI-S-1850,05/04/2021,18/08/2021
Published,UNI-S-1851,05/04/2021,18/08/2021
Unpublished,UNI-S-1872,17/04/2021,18/08/2021
Published,UNI-S-1454,23/01/2021,17/08/2021
Published,UNI-S-1635,13/02/2021,16/08/2021
Unpublished,UNI-S-1666,17/02/2021,16/08/2021
Published,UNI-S-1737,07/03/2021,16/08/2021
Published,UNI-S-1676,20/02/2021,16/08/2021
Published,UNI-S-1157,20/12/2020,16/08/2021
Unpublished,UNI-S-1705,24/02/2021,16/08/2021
Unpublished,UNI-S-1176,23/12/2020,16/08/2021
Published,UNI-S-1031,23/11/2020,16/08/2021
Published,UNI-S-1790,17/03/2021,16/08/2021
Published,UNI-S-1938,17/06/2021,16/08/2021
Published,UNI-S-2023,16/08/2021,16/08/2021
Published,UNI-S-1540,02/02/2021,15/08/2021
Published,UNI-S-1907,26/05/2021,15/08/2021
Published,UNI-S-1906,26/05/2021,15/08/2021
Published,UNI-S-1924,05/06/2021,15/08/2021
Unpublished,UNI-S-1932,07/06/2021,15/08/2021
Published,UNI-S-1400,21/01/2021,15/08/2021
Published,UNI-S-1263,11/01/2021,15/08/2021
Published,UNI-S-1193,26/12/2020,15/08/2021
Published,UNI-S-1764,14/03/2021,15/08/2021
Unpublished,UNI-S-1197,27/12/2020,15/08/2021
Unpublished,UNI-S-1059,29/11/2020,15/08/2021
Unpublished,UNI-S-1545,04/02/2021,15/08/2021
Published,UNI-S-1552,04/02/2021,15/08/2021
Published,UNI-S-1706,25/02/2021,15/08/2021
Published,UNI-S-1295,14/01/2021,15/08/2021
Unpublished,UNI-S-1520,31/01/2021,15/08/2021
Published,UNI-S-1435,23/01/2021,15/08/2021
Unpublished,UNI-S-1433,23/01/2021,15/08/2021
Published,UNI-S-1550,04/02/2021,15/08/2021
Published,UNI-S-1547,04/02/2021,15/08/2021
Unpublished,UNI-S-1874,21/04/2021,15/08/2021
Published,UNI-S-1597,10/02/2021,15/08/2021
Published,UNI-S-1717,01/03/2021,15/08/2021
Published,UNI-S-1808,23/03/2021,15/08/2021
Unpublished,UNI-S-1878,22/04/2021,15/08/2021
Unpublished,UNI-R-1841,31/03/2021,31/03/2021
Unpublished,UNI-R-1842,31/03/2021,31/03/2021
Unpublished,UNI-R-1843,31/03/2021,31/03/2021
Unpublished,UNI-R-1844,31/03/2021,31/03/2021
Unpublished,UNI-R-1838,31/03/2021,31/03/2021
Unpublished,UNI-R-1837,31/03/2021,31/03/2021
Unpublished,UNI-R-1836,31/03/2021,31/03/2021
Unpublished,UNI-R-1835,31/03/2021,31/03/2021
Unpublished,UNI-R-1834,31/03/2021,31/03/2021
Unpublished,UNI-R-1833,31/03/2021,31/03/2021
Unpublished,UNI-R-1832,31/03/2021,31/03/2021
Unpublished,UNI-R-1819,31/03/2021,31/03/2021
Unpublished,UNI-R-1826,31/03/2021,31/03/2021
Unpublished,UNI-R-1829,31/03/2021,31/03/2021
Unpublished,UNI-R-1831,31/03/2021,31/03/2021
Unpublished,UNI-R-1830,31/03/2021,31/03/2021
Unpublished,UNI-R-1828,31/03/2021,31/03/2021
Unpublished,UNI-R-1827,31/03/2021,31/03/2021
Unpublished,UNI-R-1825,31/03/2021,31/03/2021
Unpublished,UNI-R-1824,31/03/2021,31/03/2021
Unpublished,UNI-R-1823,31/03/2021,31/03/2021
Unpublished,UNI-R-1822,31/03/2021,31/03/2021
Unpublished,UNI-R-1821,31/03/2021,31/03/2021
Unpublished,UNI-R-1820,31/03/2021,31/03/2021
Published,UNI-R-1818,30/03/2021,30/03/2021
Published,UNI-R-1817,30/03/2021,30/03/2021
Unpublished,UNI-R-1816,29/03/2021,29/03/2021
Unpublished,UNI-R-1814,29/03/2021,29/03/2021
Unpublished,UNI-R-1813,29/03/2021,29/03/2021
Unpublished,UNI-R-1812,29/03/2021,29/03/2021
Unpublished,UNI-R-1811,29/03/2021,29/03/2021
Unpublished,UNI-R-1810,29/03/2021,29/03/2021
Unpublished,UNI-R-1809,29/03/2021,29/03/2021
Unpublished,UNI-R-1808,29/03/2021,29/03/2021
Unpublished,UNI-R-1807,29/03/2021,29/03/2021
Unpublished,UNI-R-1806,29/03/2021,29/03/2021
Unpublished,UNI-R-1805,28/03/2021,28/03/2021
Unpublished,UNI-R-1804,28/03/2021,28/03/2021
Unpublished,UNI-R-1803,28/03/2021,28/03/2021
Unpublished,UNI-R-1802,28/03/2021,28/03/2021
Unpublished,UNI-R-1801,28/03/2021,28/03/2021
Unpublished,UNI-R-1800,28/03/2021,28/03/2021
Unpublished,UNI-R-1799,28/03/2021,28/03/2021
Unpublished,UNI-R-1798,28/03/2021,28/03/2021
Unpublished,UNI-R-1797,28/03/2021,28/03/2021
Unpublished,UNI-R-1792,27/03/2021,27/03/2021
Unpublished,UNI-R-1791,27/03/2021,27/03/2021
Unpublished,UNI-R-1790,27/03/2021,27/03/2021
Unpublished,UNI-R-1789,27/03/2021,27/03/2021
Published,UNI-R-1787,25/03/2021,25/03/2021
Published,UNI-R-1786,25/03/2021,25/03/2021
Unpublished,UNI-R-1785,25/03/2021,25/03/2021
Unpublished,UNI-R-1784,25/03/2021,25/03/2021
Published,UNI-R-1783,24/03/2021,24/03/2021
Unpublished,UNI-R-1101,19/12/2020,24/03/2021
Unpublished,UNI-R-1782,24/03/2021,24/03/2021
Unpublished,UNI-R-1780,24/03/2021,24/03/2021
Unpublished,UNI-R-1779,23/03/2021,23/03/2021
Unpublished,UNI-R-1778,23/03/2021,23/03/2021
Unpublished,UNI-R-1777,22/03/2021,22/03/2021
Unpublished,UNI-R-1776,22/03/2021,22/03/2021
Unpublished,UNI-R-1608,20/02/2021,22/03/2021
Unpublished,UNI-R-1774,21/03/2021,21/03/2021
Unpublished,UNI-R-1773,21/03/2021,21/03/2021
Unpublished,UNI-R-1772,21/03/2021,21/03/2021
Unpublished,UNI-R-1771,20/03/2021,20/03/2021
Unpublished,UNI-R-1770,20/03/2021,20/03/2021
Unpublished,UNI-R-1769,20/03/2021,20/03/2021
Unpublished,UNI-R-1767,20/03/2021,20/03/2021
Unpublished,UNI-R-1766,20/03/2021,20/03/2021
Unpublished,UNI-R-1765,20/03/2021,20/03/2021
Unpublished,UNI-R-1764,20/03/2021,20/03/2021
Unpublished,UNI-R-1760,16/03/2021,16/03/2021
Unpublished,UNI-R-1758,15/03/2021,15/03/2021
Unpublished,UNI-R-1757,15/03/2021,15/03/2021
Unpublished,UNI-R-1756,15/03/2021,15/03/2021
Published,UNI-R-1755,14/03/2021,14/03/2021
Unpublished,UNI-R-1754,14/03/2021,14/03/2021
Unpublished,UNI-R-1753,14/03/2021,14/03/2021
Unpublished,UNI-R-1752,14/03/2021,14/03/2021
Unpublished,UNI-R-1751,14/03/2021,14/03/2021
Unpublished,UNI-R-1555,13/02/2021,14/03/2021
Published,UNI-R-1750,13/03/2021,13/03/2021
Unpublished,UNI-R-1747,11/03/2021,11/03/2021
Unpublished,UNI-R-1746,11/03/2021,11/03/2021
Unpublished,UNI-R-1745,11/03/2021,11/03/2021
Unpublished,UNI-R-1744,11/03/2021,11/03/2021
Unpublished,UNI-R-1743,11/03/2021,11/03/2021
Unpublished,UNI-R-1742,11/03/2021,11/03/2021
Unpublished,UNI-R-1740,11/03/2021,11/03/2021
Unpublished,UNI-R-1738,10/03/2021,10/03/2021
Unpublished,UNI-R-1737,10/03/2021,10/03/2021
Unpublished,UNI-R-1736,10/03/2021,10/03/2021
Unpublished,UNI-R-1735,10/03/2021,10/03/2021
Published,UNI-R-1734,09/03/2021,09/03/2021
Unpublished,UNI-R-1731,08/03/2021,08/03/2021
Unpublished,UNI-R-1730,08/03/2021,08/03/2021
Unpublished,UNI-R-1729,08/03/2021,08/03/2021
Unpublished,UNI-R-1728,08/03/2021,08/03/2021
Unpublished,UNI-R-1727,08/03/2021,08/03/2021
Published,UNI-S-1815,24/03/2021,11/08/2021
Published,UNI-S-1618,11/02/2021,11/08/2021
Unpublished,UNI-S-1819,24/03/2021,11/08/2021
Published,UNI-S-2022,11/08/2021,11/08/2021
Published,UNI-S-1174,22/12/2020,11/08/2021
Published,UNI-S-1770,15/03/2021,11/08/2021
Published,UNI-S-1920,03/06/2021,11/08/2021
Unpublished,UNI-S-1718,01/03/2021,11/08/2021
Published,UNI-S-1211,31/12/2020,11/08/2021
Published,UNI-S-1282,13/01/2021,11/08/2021
Unpublished,UNI-S-1693,22/02/2021,11/08/2021
Published,UNI-S-1283,13/01/2021,11/08/2021
Published,UNI-S-1256,11/01/2021,11/08/2021
Published,UNI-S-2020,11/08/2021,11/08/2021
Unpublished,UNI-S-1238,10/01/2021,11/08/2021
Unpublished,UNI-S-1239,10/01/2021,11/08/2021
Unpublished,UNI-S-1248,10/01/2021,11/08/2021
Unpublished,UNI-S-1252,10/01/2021,11/08/2021
Published,UNI-S-1262,11/01/2021,10/08/2021
Published,UNI-S-2018,10/08/2021,10/08/2021
Published,UNI-S-2017,10/08/2021,10/08/2021
Published,UNI-S-2016,10/08/2021,10/08/2021
Unpublished,UNI-S-1261,11/01/2021,09/08/2021
Published,UNI-S-1291,13/01/2021,09/08/2021
Unpublished,UNI-S-1289,13/01/2021,09/08/2021
Unpublished,UNI-S-1333,17/01/2021,09/08/2021
Unpublished,UNI-S-1080,05/12/2020,09/08/2021
Unpublished,UNI-S-1385,20/01/2021,09/08/2021
Published,UNI-S-1343,17/01/2021,09/08/2021
Unpublished,UNI-S-1345,17/01/2021,09/08/2021
Published,UNI-S-1364,18/01/2021,09/08/2021
Published,UNI-S-1367,18/01/2021,09/08/2021
Published,UNI-S-1378,19/01/2021,09/08/2021
Unpublished,UNI-S-1390,20/01/2021,09/08/2021
Published,UNI-S-1544,03/02/2021,09/08/2021
Unpublished,UNI-S-1590,09/02/2021,09/08/2021
Published,UNI-S-2015,08/08/2021,09/08/2021
Unpublished,UNI-S-1392,20/01/2021,08/08/2021
Published,UNI-S-1402,21/01/2021,08/08/2021
Published,UNI-S-1491,26/01/2021,08/08/2021
Unpublished,UNI-S-1506,30/01/2021,08/08/2021
Published,UNI-S-1507,30/01/2021,08/08/2021
Published,UNI-S-1508,30/01/2021,08/08/2021
Published,UNI-S-1528,01/02/2021,08/08/2021
Unpublished,UNI-S-1529,01/02/2021,08/08/2021
Unpublished,UNI-S-1571,07/02/2021,08/08/2021
Published,UNI-S-1084,06/12/2020,08/08/2021
Unpublished,UNI-S-2008,02/08/2021,08/08/2021
Published,UNI-S-2014,08/08/2021,08/08/2021
Published,UNI-S-1214,04/01/2021,08/08/2021
Published,UNI-S-2013,08/08/2021,08/08/2021
Published,UNI-S-1598,10/02/2021,08/08/2021
Published,UNI-S-1603,10/02/2021,08/08/2021
Unpublished,UNI-S-1653,16/02/2021,08/08/2021
Unpublished,UNI-S-2001,25/07/2021,08/08/2021
Unpublished,UNI-S-1417,23/01/2021,08/08/2021
Unpublished,UNI-S-1423,23/01/2021,08/08/2021
Unpublished,UNI-S-1426,23/01/2021,08/08/2021
Published,UNI-S-1658,17/02/2021,08/08/2021
Published,UNI-S-1659,17/02/2021,08/08/2021
Published,UNI-S-1695,22/02/2021,08/08/2021
Unpublished,UNI-S-1696,22/02/2021,08/08/2021
Published,UNI-S-1700,23/02/2021,08/08/2021
Published,UNI-S-1897,20/05/2021,08/08/2021
Unpublished,UNI-S-1411,23/01/2021,08/08/2021
Published,UNI-S-1024,22/11/2020,07/08/2021
Unpublished,UNI-S-1657,17/02/2021,07/08/2021
Published,UNI-S-1022,22/11/2020,07/08/2021
Published,UNI-S-1773,15/03/2021,05/08/2021
Published,UNI-S-1103,14/12/2020,05/08/2021
Published,UNI-S-1701,23/02/2021,05/08/2021
Published,UNI-S-1199,27/12/2020,05/08/2021
Published,UNI-S-1644,14/02/2021,05/08/2021
Published,UNI-S-1494,26/01/2021,05/08/2021
Unpublished,UNI-S-1018,22/11/2020,05/08/2021
Unpublished,UNI-S-1438,23/01/2021,05/08/2021
Published,UNI-S-1279,12/01/2021,05/08/2021
Published,UNI-S-1221,06/01/2021,05/08/2021
Published,UNI-S-1342,17/01/2021,05/08/2021
Published,UNI-S-1266,11/01/2021,05/08/2021
Published,UNI-S-1045,26/11/2020,05/08/2021
Published,UNI-S-1861,06/04/2021,05/08/2021
Unpublished,UNI-S-1927,06/06/2021,04/08/2021
Published,UNI-S-2012,04/08/2021,04/08/2021
Published,UNI-S-1341,17/01/2021,04/08/2021
Published,UNI-S-1784,17/03/2021,04/08/2021
Unpublished,UNI-S-1607,10/02/2021,04/08/2021
Published,UNI-S-1310,16/01/2021,04/08/2021
Unpublished,UNI-S-1191,26/12/2020,04/08/2021
Unpublished,UNI-S-1236,09/01/2021,04/08/2021
Published,UNI-S-1383,19/01/2021,04/08/2021
Published,UNI-S-1879,22/04/2021,04/08/2021
Published,UNI-S-1750,09/03/2021,04/08/2021
Published,UNI-S-1807,23/03/2021,04/08/2021
Unpublished,UNI-S-1247,10/01/2021,04/08/2021
Unpublished,UNI-S-1250,10/01/2021,04/08/2021
Published,UNI-S-1255,11/01/2021,04/08/2021
Published,UNI-S-1617,11/02/2021,04/08/2021
Published,UNI-S-2010,04/08/2021,04/08/2021
Unpublished,UNI-S-1464,24/01/2021,04/08/2021
Unpublished,UNI-R-1726,08/03/2021,08/03/2021
Unpublished,UNI-R-1725,08/03/2021,08/03/2021
Unpublished,UNI-R-1724,08/03/2021,08/03/2021
Unpublished,UNI-R-1723,08/03/2021,08/03/2021
Unpublished,UNI-R-1722,08/03/2021,08/03/2021
Unpublished,UNI-R-1721,08/03/2021,08/03/2021
Unpublished,UNI-R-1720,08/03/2021,08/03/2021
Published,UNI-R-1535,11/02/2021,07/03/2021
Unpublished,UNI-R-1410,27/01/2021,07/03/2021
Published,UNI-R-1469,04/02/2021,07/03/2021
Unpublished,UNI-R-1719,07/03/2021,07/03/2021
Unpublished,UNI-R-1718,07/03/2021,07/03/2021
Published,UNI-R-1246,17/01/2021,07/03/2021
Unpublished,UNI-R-1480,06/02/2021,07/03/2021
Unpublished,UNI-R-1486,06/02/2021,07/03/2021
Unpublished,UNI-R-1533,11/02/2021,07/03/2021
Unpublished,UNI-R-1534,11/02/2021,07/03/2021
Unpublished,UNI-R-1537,11/02/2021,07/03/2021
Unpublished,UNI-R-1547,13/02/2021,07/03/2021
Unpublished,UNI-R-1556,13/02/2021,07/03/2021
Unpublished,UNI-R-1561,14/02/2021,07/03/2021
Unpublished,UNI-R-1635,22/02/2021,07/03/2021
Unpublished,UNI-R-1489,06/02/2021,07/03/2021
Unpublished,UNI-R-1716,07/03/2021,07/03/2021
Unpublished,UNI-R-1715,07/03/2021,07/03/2021
Unpublished,UNI-R-1714,06/03/2021,06/03/2021
Unpublished,UNI-R-1713,06/03/2021,06/03/2021
Unpublished,UNI-R-1712,06/03/2021,06/03/2021
Unpublished,UNI-R-1711,06/03/2021,06/03/2021
Unpublished,UNI-R-1710,06/03/2021,06/03/2021
Published,UNI-R-1341,21/01/2021,06/03/2021
Unpublished,UNI-R-1704,04/03/2021,04/03/2021
Unpublished,UNI-R-1703,04/03/2021,04/03/2021
Unpublished,UNI-R-1701,04/03/2021,04/03/2021
Unpublished,UNI-R-1700,04/03/2021,04/03/2021
Unpublished,UNI-R-1699,04/03/2021,04/03/2021
Unpublished,UNI-R-1698,04/03/2021,04/03/2021
Unpublished,UNI-R-1697,04/03/2021,04/03/2021
Unpublished,UNI-R-1696,04/03/2021,04/03/2021
Unpublished,UNI-R-1340,21/01/2021,04/03/2021
Unpublished,UNI-R-1346,23/01/2021,04/03/2021
Unpublished,UNI-R-1348,23/01/2021,04/03/2021
Unpublished,UNI-R-1349,23/01/2021,04/03/2021
Unpublished,UNI-R-1353,23/01/2021,04/03/2021
Unpublished,UNI-R-1356,23/01/2021,04/03/2021
Unpublished,UNI-R-1695,04/03/2021,04/03/2021
Unpublished,UNI-R-1693,03/03/2021,03/03/2021
Unpublished,UNI-R-1692,03/03/2021,03/03/2021
Unpublished,UNI-R-1688,02/03/2021,03/03/2021
Unpublished,UNI-R-1691,03/03/2021,03/03/2021
Unpublished,UNI-R-1690,03/03/2021,03/03/2021
Unpublished,UNI-R-1689,03/03/2021,03/03/2021
Unpublished,UNI-R-1164,03/01/2021,02/03/2021
Unpublished,UNI-R-1462,02/02/2021,02/03/2021
Unpublished,UNI-R-1464,02/02/2021,02/03/2021
Unpublished,UNI-R-1155,28/12/2020,02/03/2021
Unpublished,UNI-R-1670,28/02/2021,02/03/2021
Unpublished,UNI-R-1530,11/02/2021,02/03/2021
Unpublished,UNI-R-1684,02/03/2021,02/03/2021
Unpublished,UNI-R-1683,02/03/2021,02/03/2021
Unpublished,UNI-R-1072,09/12/2020,02/03/2021
Unpublished,UNI-R-1682,02/03/2021,02/03/2021
Unpublished,UNI-R-1681,02/03/2021,02/03/2021
Unpublished,UNI-R-1679,02/03/2021,02/03/2021
Published,UNI-R-1652,24/02/2021,02/03/2021
Unpublished,UNI-R-1676,02/03/2021,02/03/2021
Published,UNI-R-1675,01/03/2021,01/03/2021
Unpublished,UNI-R-1674,28/02/2021,28/02/2021
Unpublished,UNI-R-1673,28/02/2021,28/02/2021
Unpublished,UNI-R-1672,28/02/2021,28/02/2021
Unpublished,UNI-R-1669,28/02/2021,28/02/2021
Unpublished,UNI-R-1668,28/02/2021,28/02/2021
Unpublished,UNI-R-1428,30/01/2021,25/02/2021
Unpublished,UNI-R-1667,25/02/2021,25/02/2021
Unpublished,UNI-R-1666,25/02/2021,25/02/2021
Unpublished,UNI-R-1665,25/02/2021,25/02/2021
Unpublished,UNI-R-1664,25/02/2021,25/02/2021
Unpublished,UNI-R-1663,25/02/2021,25/02/2021
Unpublished,UNI-R-1030,23/11/2020,25/02/2021
Unpublished,UNI-R-1277,19/01/2021,25/02/2021
Unpublished,UNI-R-1203,13/01/2021,25/02/2021
Unpublished,UNI-R-1011,21/11/2020,25/02/2021
Unpublished,UNI-R-1071,09/12/2020,25/02/2021
Unpublished,UNI-R-1656,25/02/2021,25/02/2021
Unpublished,UNI-R-1347,23/01/2021,24/02/2021
Unpublished,UNI-R-1655,24/02/2021,24/02/2021
Unpublished,UNI-R-1654,24/02/2021,24/02/2021
Unpublished,UNI-R-1653,24/02/2021,24/02/2021
Unpublished,UNI-R-1651,24/02/2021,24/02/2021
Unpublished,UNI-R-1650,24/02/2021,24/02/2021
Unpublished,UNI-R-1649,24/02/2021,24/02/2021
Unpublished,UNI-R-1426,30/01/2021,24/02/2021
Unpublished,UNI-R-1648,24/02/2021,24/02/2021
Unpublished,UNI-R-1647,24/02/2021,24/02/2021
Published,UNI-R-1644,23/02/2021,23/02/2021
Draft,UNI-R-1642,23/02/2021,23/02/2021
Unpublished,UNI-R-1641,23/02/2021,23/02/2021
Unpublished,UNI-R-1640,23/02/2021,23/02/2021
Unpublished,UNI-R-1639,23/02/2021,23/02/2021
Unpublished,UNI-R-1638,23/02/2021,23/02/2021
Unpublished,UNI-S-1465,24/01/2021,04/08/2021
Published,UNI-S-1572,07/02/2021,04/08/2021
Unpublished,UNI-S-1097,09/12/2020,04/08/2021
Published,UNI-S-1940,19/06/2021,04/08/2021
Published,UNI-S-2011,04/08/2021,04/08/2021
Unpublished,UNI-S-1447,23/01/2021,04/08/2021
Unpublished,UNI-S-1478,25/01/2021,04/08/2021
Published,UNI-S-1733,06/03/2021,04/08/2021
Published,UNI-S-1605,10/02/2021,04/08/2021
Published,UNI-S-1914,01/06/2021,03/08/2021
Published,UNI-S-1915,01/06/2021,03/08/2021
Published,UNI-S-1778,17/03/2021,03/08/2021
Published,UNI-S-1271,11/01/2021,03/08/2021
Published,UNI-S-1361,18/01/2021,03/08/2021
Published,UNI-S-1226,06/01/2021,03/08/2021
Published,UNI-S-1227,06/01/2021,03/08/2021
Unpublished,UNI-S-1225,06/01/2021,03/08/2021
Unpublished,UNI-S-1224,06/01/2021,03/08/2021
Published,UNI-S-1202,28/12/2020,03/08/2021
Published,UNI-S-1023,22/11/2020,03/08/2021
Unpublished,UNI-S-1060,29/11/2020,03/08/2021
Published,UNI-S-1019,22/11/2020,03/08/2021
Unpublished,UNI-S-1930,06/06/2021,03/08/2021
Unpublished,UNI-S-1865,11/04/2021,03/08/2021
Published,UNI-S-1968,04/07/2021,03/08/2021
Published,UNI-S-1970,05/07/2021,03/08/2021
Published,UNI-S-1973,05/07/2021,03/08/2021
Published,UNI-S-1978,06/07/2021,03/08/2021
Published,UNI-S-1997,14/07/2021,03/08/2021
Published,UNI-S-1918,02/06/2021,03/08/2021
Published,UNI-S-1846,04/04/2021,03/08/2021
Unpublished,UNI-S-1270,11/01/2021,03/08/2021
Published,UNI-S-1557,04/02/2021,03/08/2021
Published,UNI-S-1772,15/03/2021,03/08/2021
Published,UNI-S-1774,15/03/2021,03/08/2021
Published,UNI-S-1779,17/03/2021,03/08/2021
Published,UNI-S-1780,17/03/2021,03/08/2021
Unpublished,UNI-S-1781,17/03/2021,03/08/2021
Published,UNI-S-1505,28/01/2021,03/08/2021
Published,UNI-S-1616,11/02/2021,03/08/2021
Published,UNI-S-1782,17/03/2021,03/08/2021
Published,UNI-S-1786,17/03/2021,03/08/2021
Published,UNI-S-1783,17/03/2021,03/08/2021
Unpublished,UNI-S-1032,23/11/2020,03/08/2021
Unpublished,UNI-S-1727,02/03/2021,03/08/2021
Unpublished,UNI-S-1516,31/01/2021,03/08/2021
Unpublished,UNI-S-1849,05/04/2021,02/08/2021
Unpublished,UNI-S-1871,17/04/2021,02/08/2021
Published,UNI-S-1713,28/02/2021,02/08/2021
Published,UNI-S-1716,01/03/2021,02/08/2021
Published,UNI-S-1721,02/03/2021,02/08/2021
Published,UNI-S-1722,02/03/2021,02/08/2021
Unpublished,UNI-S-1749,09/03/2021,02/08/2021
Published,UNI-S-1752,10/03/2021,02/08/2021
Published,UNI-S-1758,11/03/2021,02/08/2021
Published,UNI-S-1766,14/03/2021,02/08/2021
Published,UNI-S-1771,15/03/2021,02/08/2021
Published,UNI-S-1795,20/03/2021,02/08/2021
Published,UNI-S-1792,20/03/2021,02/08/2021
Published,UNI-S-1794,20/03/2021,02/08/2021
Published,UNI-S-1793,20/03/2021,02/08/2021
Published,UNI-S-1170,21/12/2020,02/08/2021
Published,UNI-S-1810,23/03/2021,02/08/2021
Unpublished,UNI-S-1825,27/03/2021,02/08/2021
Published,UNI-S-1828,28/03/2021,02/08/2021
Unpublished,UNI-S-1796,20/03/2021,02/08/2021
Published,UNI-S-1201,28/12/2020,02/08/2021
Published,UNI-S-1188,26/12/2020,02/08/2021
Published,UNI-S-1302,16/01/2021,02/08/2021
Published,UNI-S-1237,10/01/2021,02/08/2021
Unpublished,UNI-S-1689,21/02/2021,02/08/2021
Published,UNI-S-1719,02/03/2021,01/08/2021
Published,UNI-S-1710,28/02/2021,01/08/2021
Unpublished,UNI-S-1591,09/02/2021,01/08/2021
Unpublished,UNI-S-1748,09/03/2021,01/08/2021
Unpublished,UNI-S-1625,13/02/2021,01/08/2021
Published,UNI-S-1709,28/02/2021,01/08/2021
Published,UNI-S-1599,10/02/2021,01/08/2021
Published,UNI-S-1592,09/02/2021,01/08/2021
Published,UNI-S-1614,11/02/2021,01/08/2021
Unpublished,UNI-S-1165,21/12/2020,01/08/2021
Published,UNI-S-1756,10/03/2021,01/08/2021
Published,UNI-S-1757,10/03/2021,01/08/2021
Published,UNI-S-1576,07/02/2021,01/08/2021
Unpublished,UNI-S-1575,07/02/2021,01/08/2021
Unpublished,UNI-S-1755,10/03/2021,01/08/2021
Unpublished,UNI-S-1267,11/01/2021,01/08/2021
Published,UNI-S-1898,22/05/2021,01/08/2021
Published,UNI-S-2002,25/07/2021,01/08/2021
Published,UNI-S-1058,29/11/2020,01/08/2021
Published,UNI-S-1229,07/01/2021,01/08/2021
Unpublished,UNI-S-1673,18/02/2021,31/07/2021
Unpublished,UNI-S-1556,04/02/2021,31/07/2021
Published,UNI-S-1066,29/11/2020,31/07/2021
Published,UNI-S-2007,29/07/2021,29/07/2021
Unpublished,UNI-S-1504,28/01/2021,29/07/2021
Unpublished,UNI-S-1604,10/02/2021,29/07/2021
Unpublished,UNI-S-1530,01/02/2021,29/07/2021
Unpublished,UNI-S-1681,20/02/2021,29/07/2021
Unpublished,UNI-S-1432,23/01/2021,29/07/2021
Unpublished,UNI-R-1636,23/02/2021,23/02/2021
Unpublished,UNI-R-1631,22/02/2021,23/02/2021
Unpublished,UNI-R-1633,22/02/2021,23/02/2021
Unpublished,UNI-R-1634,22/02/2021,23/02/2021
Published,UNI-R-1187,09/01/2021,22/02/2021
Unpublished,UNI-R-1632,22/02/2021,22/02/2021
Unpublished,UNI-R-1624,22/02/2021,22/02/2021
Unpublished,UNI-R-1625,22/02/2021,22/02/2021
Unpublished,UNI-R-1626,22/02/2021,22/02/2021
Unpublished,UNI-R-1627,22/02/2021,22/02/2021
Unpublished,UNI-R-1630,22/02/2021,22/02/2021
Unpublished,UNI-R-1629,22/02/2021,22/02/2021
Unpublished,UNI-R-1628,22/02/2021,22/02/2021
Unpublished,UNI-R-1623,22/02/2021,22/02/2021
Unpublished,UNI-R-1622,21/02/2021,21/02/2021
Published,UNI-R-1508,09/02/2021,21/02/2021
Unpublished,UNI-R-1620,21/02/2021,21/02/2021
Unpublished,UNI-R-1619,21/02/2021,21/02/2021
Unpublished,UNI-R-1618,21/02/2021,21/02/2021
Unpublished,UNI-R-1617,21/02/2021,21/02/2021
Unpublished,UNI-R-1616,21/02/2021,21/02/2021
Unpublished,UNI-R-1615,21/02/2021,21/02/2021
Unpublished,UNI-R-1614,21/02/2021,21/02/2021
Unpublished,UNI-R-1613,20/02/2021,20/02/2021
Published,UNI-R-1605,20/02/2021,20/02/2021
Unpublished,UNI-R-1609,20/02/2021,20/02/2021
Published,UNI-R-1607,20/02/2021,20/02/2021
Unpublished,UNI-R-1606,20/02/2021,20/02/2021
Unpublished,UNI-R-1604,20/02/2021,20/02/2021
Unpublished,UNI-R-1603,20/02/2021,20/02/2021
Unpublished,UNI-R-1602,20/02/2021,20/02/2021
Unpublished,UNI-R-1601,20/02/2021,20/02/2021
Unpublished,UNI-R-1600,20/02/2021,20/02/2021
Unpublished,UNI-R-1599,20/02/2021,20/02/2021
Unpublished,UNI-R-1598,20/02/2021,20/02/2021
Unpublished,UNI-R-1597,20/02/2021,20/02/2021
Published,UNI-R-1259,18/01/2021,20/02/2021
Unpublished,UNI-R-1595,20/02/2021,20/02/2021
Unpublished,UNI-R-1594,20/02/2021,20/02/2021
Unpublished,UNI-R-1593,18/02/2021,18/02/2021
Unpublished,UNI-R-1592,18/02/2021,18/02/2021
Unpublished,UNI-R-1591,18/02/2021,18/02/2021
Unpublished,UNI-R-1590,18/02/2021,18/02/2021
Unpublished,UNI-R-1589,18/02/2021,18/02/2021
Unpublished,UNI-R-1587,18/02/2021,18/02/2021
Unpublished,UNI-R-1586,18/02/2021,18/02/2021
Unpublished,UNI-R-1584,18/02/2021,18/02/2021
Unpublished,UNI-R-1585,18/02/2021,18/02/2021
Unpublished,UNI-R-1583,18/02/2021,18/02/2021
Unpublished,UNI-R-1582,17/02/2021,17/02/2021
Unpublished,UNI-R-1578,17/02/2021,17/02/2021
Unpublished,UNI-R-1579,17/02/2021,17/02/2021
Published,UNI-R-1577,16/02/2021,16/02/2021
Unpublished,UNI-R-1576,16/02/2021,16/02/2021
Unpublished,UNI-R-1575,16/02/2021,16/02/2021
Unpublished,UNI-R-1574,16/02/2021,16/02/2021
Unpublished,UNI-R-1573,16/02/2021,16/02/2021
Unpublished,UNI-R-1571,16/02/2021,16/02/2021
Unpublished,UNI-R-1572,16/02/2021,16/02/2021
Published,UNI-R-1568,59.78,16/02/2021
Published,UNI-R-1570,16/02/2021,16/02/2021
Published,UNI-R-1569,16/02/2021,16/02/2021
Unpublished,UNI-R-1567,16/02/2021,16/02/2021
Unpublished,UNI-R-1566,16/02/2021,16/02/2021
Unpublished,UNI-R-1565,15/02/2021,15/02/2021
Unpublished,UNI-R-1564,15/02/2021,15/02/2021
Published,UNI-R-1509,09/02/2021,13/02/2021
Published,UNI-R-1560,13/02/2021,13/02/2021
Published,UNI-R-1559,13/02/2021,13/02/2021
Published,UNI-R-1558,13/02/2021,13/02/2021
Published,UNI-R-1557,13/02/2021,13/02/2021
Unpublished,UNI-R-1548,13/02/2021,13/02/2021
Unpublished,UNI-R-1546,13/02/2021,13/02/2021
Unpublished,UNI-R-1545,13/02/2021,13/02/2021
Unpublished,UNI-R-1544,13/02/2021,13/02/2021
Unpublished,UNI-R-1543,13/02/2021,13/02/2021
Unpublished,UNI-R-1542,13/02/2021,13/02/2021
Unpublished,UNI-R-1541,13/02/2021,13/02/2021
Unpublished,UNI-R-1539,13/02/2021,13/02/2021
Unpublished,UNI-R-1540,13/02/2021,13/02/2021
Published,UNI-R-1490,07/02/2021,11/02/2021
Published,UNI-R-1536,11/02/2021,11/02/2021
Published,UNI-R-1507,09/02/2021,11/02/2021
Unpublished,UNI-R-1532,11/02/2021,11/02/2021
Unpublished,UNI-R-1531,11/02/2021,11/02/2021
Unpublished,UNI-R-1529,11/02/2021,11/02/2021
Unpublished,UNI-R-1528,11/02/2021,11/02/2021
Unpublished,UNI-R-1527,11/02/2021,11/02/2021
Unpublished,UNI-R-1482,06/02/2021,10/02/2021
Unpublished,UNI-R-1525,10/02/2021,10/02/2021
Unpublished,UNI-R-1524,10/02/2021,10/02/2021
Unpublished,UNI-R-1523,10/02/2021,10/02/2021
Unpublished,UNI-R-1522,10/02/2021,10/02/2021
Unpublished,UNI-R-1521,10/02/2021,10/02/2021
Unpublished,UNI-R-1520,10/02/2021,10/02/2021
Unpublished,UNI-R-1519,10/02/2021,10/02/2021
Unpublished,UNI-R-1518,10/02/2021,10/02/2021
Unpublished,UNI-R-1517,10/02/2021,10/02/2021
Unpublished,UNI-R-1516,10/02/2021,10/02/2021
Unpublished,UNI-R-1515,10/02/2021,10/02/2021
Unpublished,UNI-S-1817,24/03/2021,29/07/2021
Unpublished,UNI-S-1357,18/01/2021,29/07/2021
Published,UNI-S-1818,24/03/2021,29/07/2021
Unpublished,UNI-S-1809,23/03/2021,29/07/2021
Unpublished,UNI-S-1735,06/03/2021,29/07/2021
Unpublished,UNI-S-1178,24/12/2020,29/07/2021
Published,UNI-S-1476,25/01/2021,29/07/2021
Unpublished,UNI-S-1098,13/12/2020,29/07/2021
Unpublished,UNI-S-1881,29/04/2021,29/07/2021
Published,UNI-S-1398,21/01/2021,29/07/2021
Published,UNI-S-1241,10/01/2021,29/07/2021
Unpublished,UNI-S-1160,20/12/2020,29/07/2021
Unpublished,UNI-S-1730,03/03/2021,29/07/2021
Published,UNI-S-1075,29/11/2020,28/07/2021
Unpublished,UNI-S-1791,20/03/2021,28/07/2021
Unpublished,UNI-S-1541,02/02/2021,28/07/2021
Published,UNI-S-1230,07/01/2021,28/07/2021
Published,UNI-S-1862,07/04/2021,28/07/2021
Published,UNI-S-1860,06/04/2021,28/07/2021
Published,UNI-S-1155,20/12/2020,28/07/2021
Published,UNI-S-1715,28/02/2021,28/07/2021
Published,UNI-S-1373,18/01/2021,28/07/2021
Published,UNI-S-1292,14/01/2021,28/07/2021
Published,UNI-S-1069,29/11/2020,28/07/2021
Published,UNI-S-1065,29/11/2020,28/07/2021
Published,UNI-S-1064,29/11/2020,28/07/2021
Published,UNI-S-1061,29/11/2020,28/07/2021
Published,UNI-S-1046,26/11/2020,28/07/2021
Published,UNI-S-1044,26/11/2020,28/07/2021
Unpublished,UNI-S-1043,24/11/2020,28/07/2021
Published,UNI-S-1042,24/11/2020,28/07/2021
Published,UNI-S-1041,24/11/2020,28/07/2021
Unpublished,UNI-S-1040,23/11/2020,28/07/2021
Unpublished,UNI-S-1038,23/11/2020,28/07/2021
Published,UNI-S-1012,21/11/2020,28/07/2021
Published,UNI-S-1008,21/11/2020,28/07/2021
Published,UNI-S-1005,19/11/2020,28/07/2021
Unpublished,UNI-S-1802,21/03/2021,28/07/2021
Unpublished,UNI-S-1172,22/12/2020,28/07/2021
Published,UNI-S-1675,18/02/2021,28/07/2021
Published,UNI-S-1992,12/07/2021,27/07/2021
Published,UNI-S-1989,12/07/2021,27/07/2021
Published,UNI-S-1990,12/07/2021,27/07/2021
Published,UNI-S-1991,12/07/2021,27/07/2021
Published,UNI-S-1240,10/01/2021,27/07/2021
Published,UNI-S-1246,10/01/2021,27/07/2021
Published,UNI-S-1297,16/01/2021,27/07/2021
Published,UNI-S-1298,16/01/2021,27/07/2021
Published,UNI-S-1299,16/01/2021,27/07/2021
Unpublished,UNI-S-1304,16/01/2021,27/07/2021
Published,UNI-S-1305,16/01/2021,27/07/2021
Published,UNI-S-1311,17/01/2021,27/07/2021
Published,UNI-S-1079,05/12/2020,27/07/2021
Published,UNI-S-1836,03/04/2021,27/07/2021
Published,UNI-S-1833,30/03/2021,27/07/2021
Published,UNI-S-1823,25/03/2021,27/07/2021
Published,UNI-S-1821,24/03/2021,27/07/2021
Unpublished,UNI-S-1812,23/03/2021,27/07/2021
Published,UNI-S-1805,22/03/2021,27/07/2021
Published,UNI-S-1799,21/03/2021,27/07/2021
Published,UNI-S-1736,06/03/2021,27/07/2021
Published,UNI-S-1650,15/02/2021,27/07/2021
Published,UNI-S-1636,13/02/2021,27/07/2021
Published,UNI-S-1498,27/01/2021,27/07/2021
Published,UNI-S-1691,21/02/2021,27/07/2021
Published,UNI-S-1680,20/02/2021,27/07/2021
Published,UNI-S-1286,13/01/2021,27/07/2021
Unpublished,UNI-S-1725,02/03/2021,26/07/2021
Unpublished,UNI-S-1875,21/04/2021,26/07/2021
Published,UNI-S-1312,17/01/2021,26/07/2021
Unpublished,UNI-S-1242,10/01/2021,26/07/2021
Published,UNI-S-2004,26/07/2021,26/07/2021
Published,UNI-S-1993,13/07/2021,26/07/2021
Published,UNI-S-2003,26/07/2021,26/07/2021
Unpublished,UNI-S-1546,04/02/2021,25/07/2021
Unpublished,UNI-S-1281,12/01/2021,25/07/2021
Published,UNI-S-1073,29/11/2020,25/07/2021
Published,UNI-S-2000,25/07/2021,25/07/2021
Unpublished,UNI-S-1894,19/05/2021,25/07/2021
Published,UNI-S-1999,25/07/2021,25/07/2021
Unpublished,UNI-S-1284,13/01/2021,24/07/2021
Published,UNI-S-1439,23/01/2021,24/07/2021
Unpublished,UNI-S-1027,22/11/2020,24/07/2021
Published,UNI-S-1020,22/11/2020,24/07/2021
Published,UNI-S-1397,21/01/2021,24/07/2021
Unpublished,UNI-S-1501,28/01/2021,24/07/2021
Unpublished,UNI-S-1634,13/02/2021,24/07/2021
Unpublished,UNI-S-1524,01/02/2021,24/07/2021
Published,UNI-S-1543,03/02/2021,24/07/2021
Published,UNI-S-1917,02/06/2021,24/07/2021
Published,UNI-S-1490,26/01/2021,24/07/2021
Published,UNI-S-1293,14/01/2021,24/07/2021
Published,UNI-S-1457,23/01/2021,24/07/2021
Published,UNI-S-1287,13/01/2021,24/07/2021
Unpublished,UNI-S-1010,21/11/2020,24/07/2021
Unpublished,UNI-S-1068,29/11/2020,24/07/2021
Unpublished,UNI-S-1961,01/07/2021,24/07/2021
Unpublished,UNI-S-1741,08/03/2021,24/07/2021
Unpublished,UNI-S-1055,28/11/2020,24/07/2021
Published,UNI-S-1054,28/11/2020,24/07/2021
Unpublished,UNI-R-1513,10/02/2021,10/02/2021
Unpublished,UNI-R-1512,10/02/2021,10/02/2021
Unpublished,UNI-R-1511,10/02/2021,10/02/2021
Published,UNI-R-1503,09/02/2021,10/02/2021
Unpublished,UNI-R-1505,09/02/2021,09/02/2021
Unpublished,UNI-R-1504,09/02/2021,09/02/2021
Unpublished,UNI-R-1502,09/02/2021,09/02/2021
Unpublished,UNI-R-1501,09/02/2021,09/02/2021
Unpublished,UNI-R-1060,29/11/2020,09/02/2021
Unpublished,UNI-R-1073,14/12/2020,09/02/2021
Published,UNI-R-1500,09/02/2021,09/02/2021
Unpublished,UNI-R-1499,07/02/2021,07/02/2021
Unpublished,UNI-R-1498,07/02/2021,07/02/2021
Unpublished,UNI-R-1497,07/02/2021,07/02/2021
Unpublished,UNI-R-1496,07/02/2021,07/02/2021
Unpublished,UNI-R-1495,07/02/2021,07/02/2021
Unpublished,UNI-R-1494,07/02/2021,07/02/2021
Unpublished,UNI-R-1493,07/02/2021,07/02/2021
Unpublished,UNI-R-1492,07/02/2021,07/02/2021
Unpublished,UNI-R-1491,07/02/2021,07/02/2021
Unpublished,UNI-R-1488,06/02/2021,06/02/2021
Unpublished,UNI-R-1487,06/02/2021,06/02/2021
Unpublished,UNI-R-1485,06/02/2021,06/02/2021
Unpublished,UNI-R-1484,06/02/2021,06/02/2021
Unpublished,UNI-R-1483,06/02/2021,06/02/2021
Unpublished,UNI-R-1481,06/02/2021,06/02/2021
Unpublished,UNI-R-1479,06/02/2021,06/02/2021
Unpublished,UNI-R-1478,06/02/2021,06/02/2021
Unpublished,UNI-R-1477,06/02/2021,06/02/2021
Unpublished,UNI-R-1476,06/02/2021,06/02/2021
Unpublished,UNI-R-1475,06/02/2021,06/02/2021
Unpublished,UNI-R-1474,06/02/2021,06/02/2021
Unpublished,UNI-R-1466,02/02/2021,02/02/2021
Unpublished,UNI-R-1465,02/02/2021,02/02/2021
Unpublished,UNI-R-1461,02/02/2021,02/02/2021
Unpublished,UNI-R-1458,01/02/2021,01/02/2021
Unpublished,UNI-R-1457,01/02/2021,01/02/2021
Unpublished,UNI-R-1456,31/01/2021,31/01/2021
Unpublished,UNI-R-1455,31/01/2021,31/01/2021
Unpublished,UNI-R-1454,31/01/2021,31/01/2021
Unpublished,UNI-R-1453,31/01/2021,31/01/2021
Unpublished,UNI-R-1450,31/01/2021,31/01/2021
Unpublished,UNI-R-1449,31/01/2021,31/01/2021
Unpublished,UNI-R-1448,31/01/2021,31/01/2021
Unpublished,UNI-R-1447,31/01/2021,31/01/2021
Unpublished,UNI-R-1446,31/01/2021,31/01/2021
Unpublished,UNI-R-1445,31/01/2021,31/01/2021
Unpublished,UNI-R-1444,31/01/2021,31/01/2021
Unpublished,UNI-R-1443,31/01/2021,31/01/2021
Unpublished,UNI-R-1442,31/01/2021,31/01/2021
Unpublished,UNI-R-1436,31/01/2021,31/01/2021
Unpublished,UNI-R-1437,31/01/2021,31/01/2021
Unpublished,UNI-R-1435,31/01/2021,31/01/2021
Unpublished,UNI-R-1441,31/01/2021,31/01/2021
Unpublished,UNI-R-1440,31/01/2021,31/01/2021
Published,UNI-R-1439,31/01/2021,31/01/2021
Unpublished,UNI-R-1434,30/01/2021,30/01/2021
Unpublished,UNI-R-1433,30/01/2021,30/01/2021
Unpublished,UNI-R-1432,30/01/2021,30/01/2021
Unpublished,UNI-R-1431,30/01/2021,30/01/2021
Unpublished,UNI-R-1430,30/01/2021,30/01/2021
Unpublished,UNI-R-1429,30/01/2021,30/01/2021
Unpublished,UNI-R-1427,30/01/2021,30/01/2021
Unpublished,UNI-R-1425,30/01/2021,30/01/2021
Unpublished,UNI-R-1424,30/01/2021,30/01/2021
Unpublished,UNI-R-1422,30/01/2021,30/01/2021
Unpublished,UNI-R-1421,30/01/2021,30/01/2021
Unpublished,UNI-R-1420,30/01/2021,30/01/2021
Published,UNI-R-1202,13/01/2021,28/01/2021
Unpublished,UNI-R-1419,27/01/2021,27/01/2021
Unpublished,UNI-R-1418,27/01/2021,27/01/2021
Unpublished,UNI-R-1413,27/01/2021,27/01/2021
Unpublished,UNI-R-1417,27/01/2021,27/01/2021
Unpublished,UNI-R-1416,27/01/2021,27/01/2021
Unpublished,UNI-R-1415,27/01/2021,27/01/2021
Unpublished,UNI-R-1414,27/01/2021,27/01/2021
Unpublished,UNI-R-1412,27/01/2021,27/01/2021
Unpublished,UNI-R-1411,27/01/2021,27/01/2021
Unpublished,UNI-R-1409,27/01/2021,27/01/2021
Unpublished,UNI-R-1408,27/01/2021,27/01/2021
Unpublished,UNI-R-1407,27/01/2021,27/01/2021
Unpublished,UNI-R-1406,27/01/2021,27/01/2021
Unpublished,UNI-R-1405,27/01/2021,27/01/2021
Published,UNI-R-1200,13/01/2021,27/01/2021
Unpublished,UNI-R-1404,26/01/2021,26/01/2021
Unpublished,UNI-R-1401,26/01/2021,26/01/2021
Unpublished,UNI-R-1398,26/01/2021,26/01/2021
Unpublished,UNI-R-1402,26/01/2021,26/01/2021
Unpublished,UNI-R-1403,26/01/2021,26/01/2021
Unpublished,UNI-R-1400,26/01/2021,26/01/2021
Unpublished,UNI-R-1399,26/01/2021,26/01/2021
Unpublished,UNI-R-1397,26/01/2021,26/01/2021
Unpublished,UNI-R-1394,26/01/2021,26/01/2021
Unpublished,UNI-R-1396,26/01/2021,26/01/2021
Unpublished,UNI-R-1393,26/01/2021,26/01/2021
Unpublished,UNI-R-1395,26/01/2021,26/01/2021
Unpublished,UNI-R-1392,26/01/2021,26/01/2021
Unpublished,UNI-R-1391,26/01/2021,26/01/2021
Unpublished,UNI-R-1390,26/01/2021,26/01/2021
Unpublished,UNI-R-1389,26/01/2021,26/01/2021
Unpublished,UNI-S-1601,10/02/2021,17/07/2021
Published,UNI-S-1278,12/01/2021,17/07/2021
Unpublished,UNI-S-1925,06/06/2021,15/07/2021
Published,UNI-S-1235,09/01/2021,15/07/2021
Published,UNI-S-1234,09/01/2021,15/07/2021
Published,UNI-S-1926,06/06/2021,15/07/2021
Published,UNI-S-1362,18/01/2021,15/07/2021
Unpublished,UNI-S-1223,06/01/2021,15/07/2021
Unpublished,UNI-S-1177,23/12/2020,15/07/2021
Unpublished,UNI-S-1847,04/04/2021,15/07/2021
Draft,UNI-S-1382,19/01/2021,14/07/2021
Unpublished,UNI-S-1308,16/01/2021,14/07/2021
Unpublished,UNI-S-1581,08/02/2021,14/07/2021
Published,UNI-S-1070,29/11/2020,14/07/2021
Unpublished,UNI-S-1904,25/05/2021,14/07/2021
Unpublished,UNI-S-1982,07/07/2021,14/07/2021
Unpublished,UNI-S-1776,16/03/2021,14/07/2021
Published,UNI-S-1996,14/07/2021,14/07/2021
Unpublished,UNI-S-1921,05/06/2021,14/07/2021
Unpublished,UNI-S-1895,19/05/2021,14/07/2021
Published,UNI-S-1933,13/06/2021,13/07/2021
Unpublished,UNI-S-1303,16/01/2021,13/07/2021
Published,UNI-S-1995,13/07/2021,13/07/2021
Unpublished,UNI-S-1218,05/01/2021,13/07/2021
Unpublished,UNI-S-1720,02/03/2021,12/07/2021
Unpublished,UNI-S-1180,26/12/2020,12/07/2021
Draft,UNI-S-1714,28/02/2021,12/07/2021
Published,UNI-S-1775,16/03/2021,11/07/2021
Published,UNI-S-1186,26/12/2020,11/07/2021
Published,UNI-S-1187,26/12/2020,11/07/2021
Published,UNI-S-1561,06/02/2021,11/07/2021
Unpublished,UNI-S-1358,18/01/2021,10/07/2021
Published,UNI-S-1307,16/01/2021,10/07/2021
Unpublished,UNI-S-1548,04/02/2021,10/07/2021
Published,UNI-S-1525,01/02/2021,10/07/2021
Unpublished,UNI-S-1096,09/12/2020,10/07/2021
Published,UNI-S-1006,19/11/2020,10/07/2021
Published,UNI-S-1986,10/07/2021,10/07/2021
Published,UNI-S-1985,08/07/2021,08/07/2021
Published,UNI-S-1984,08/07/2021,08/07/2021
Published,UNI-S-1563,06/02/2021,08/07/2021
Unpublished,UNI-S-1294,14/01/2021,08/07/2021
Published,UNI-S-1983,07/07/2021,07/07/2021
Published,UNI-S-1981,07/07/2021,07/07/2021
Unpublished,UNI-S-1877,22/04/2021,07/07/2021
Published,UNI-S-1979,07/07/2021,07/07/2021
Unpublished,UNI-S-1394,20/01/2021,07/07/2021
Unpublished,UNI-S-1001,18/11/2020,07/07/2021
Published,UNI-S-1980,07/07/2021,07/07/2021
Published,UNI-S-1974,05/07/2021,06/07/2021
Published,UNI-S-1631,13/02/2021,06/07/2021
Published,UNI-S-1977,06/07/2021,06/07/2021
Unpublished,UNI-S-1864,08/04/2021,06/07/2021
Published,UNI-S-1976,06/07/2021,06/07/2021
Unpublished,UNI-S-1806,22/03/2021,06/07/2021
Published,UNI-S-1497,27/01/2021,06/07/2021
Published,UNI-S-1975,06/07/2021,06/07/2021
Unpublished,UNI-S-1697,22/02/2021,05/07/2021
Published,UNI-S-1972,05/07/2021,05/07/2021
Published,UNI-S-1971,05/07/2021,05/07/2021
Unpublished,UNI-S-1259,11/01/2021,05/07/2021
Unpublished,UNI-S-1789,17/03/2021,05/07/2021
Published,UNI-S-1787,17/03/2021,05/07/2021
Published,UNI-S-1519,31/01/2021,05/07/2021
Unpublished,UNI-S-1788,17/03/2021,04/07/2021
Unpublished,UNI-S-1228,06/01/2021,04/07/2021
Published,UNI-S-1912,01/06/2021,04/07/2021
Unpublished,UNI-S-1004,18/11/2020,04/07/2021
Published,UNI-S-1909,30/05/2021,04/07/2021
Unpublished,UNI-S-1910,30/05/2021,04/07/2021
Unpublished,UNI-S-1167,21/12/2020,04/07/2021
Published,UNI-S-1943,22/06/2021,04/07/2021
Unpublished,UNI-S-1692,21/02/2021,04/07/2021
Published,UNI-S-1969,04/07/2021,04/07/2021
Published,UNI-S-1967,03/07/2021,03/07/2021
Published,UNI-S-1966,03/07/2021,03/07/2021
Published,UNI-S-1964,03/07/2021,03/07/2021
Published,UNI-S-1965,03/07/2021,03/07/2021
Published,UNI-S-1958,30/06/2021,03/07/2021
Unpublished,UNI-S-1963,01/07/2021,01/07/2021
Published,UNI-S-1474,25/01/2021,28/06/2021
Unpublished,UNI-S-1893,19/05/2021,28/06/2021
Published,UNI-S-1947,23/06/2021,28/06/2021
Unpublished,UNI-S-1674,18/02/2021,20/06/2021
Unpublished,UNI-S-1181,26/12/2020,20/06/2021
Published,UNI-S-1939,17/06/2021,17/06/2021
Unpublished,UNI-S-1564,06/02/2021,17/06/2021
Unpublished,UNI-S-1583,08/02/2021,14/06/2021
Unpublished,UNI-S-1876,21/04/2021,12/06/2021
Unpublished,UNI-S-1801,21/03/2021,12/06/2021
Unpublished,UNI-S-1660,17/02/2021,12/06/2021
Unpublished,UNI-S-1824,27/03/2021,12/06/2021
Unpublished,UNI-S-1257,11/01/2021,10/06/2021
Published,UNI-S-1531,01/02/2021,05/06/2021
Unpublished,UNI-S-1510,30/01/2021,05/06/2021
Published,UNI-S-1632,13/02/2021,05/06/2021
Published,UNI-S-1533,01/02/2021,05/06/2021
Published,UNI-S-1534,01/02/2021,05/06/2021
Unpublished,UNI-S-1013,21/11/2020,03/06/2021
Draft,UNI-S-1911,31/05/2021,02/06/2021
Unpublished,UNI-R-1388,26/01/2021,26/01/2021
Unpublished,UNI-R-1387,26/01/2021,26/01/2021
Unpublished,UNI-R-1385,26/01/2021,26/01/2021
Unpublished,UNI-R-1384,25/01/2021,25/01/2021
Unpublished,UNI-R-1382,25/01/2021,25/01/2021
Unpublished,UNI-R-1379,25/01/2021,25/01/2021
Published,UNI-R-1378,25/01/2021,25/01/2021
Published,UNI-R-1377,25/01/2021,25/01/2021
Unpublished,UNI-R-1376,25/01/2021,25/01/2021
Published,UNI-R-1375,25/01/2021,25/01/2021
Unpublished,UNI-R-1374,25/01/2021,25/01/2021
Unpublished,UNI-R-1371,25/01/2021,25/01/2021
Unpublished,UNI-R-1373,25/01/2021,25/01/2021
Unpublished,UNI-R-1372,25/01/2021,25/01/2021
Unpublished,UNI-R-1127,22/12/2020,25/01/2021
Unpublished,UNI-R-1370,24/01/2021,24/01/2021
Unpublished,UNI-R-1125,22/12/2020,24/01/2021
Unpublished,UNI-R-1369,24/01/2021,24/01/2021
Published,UNI-R-1368,24/01/2021,24/01/2021
Unpublished,UNI-R-1367,24/01/2021,24/01/2021
Unpublished,UNI-R-1366,24/01/2021,24/01/2021
Published,UNI-R-1365,24/01/2021,24/01/2021
Published,UNI-R-1362,23/01/2021,24/01/2021
Unpublished,UNI-R-1354,23/01/2021,23/01/2021
Unpublished,UNI-R-1364,23/01/2021,23/01/2021
Unpublished,UNI-R-1363,23/01/2021,23/01/2021
Unpublished,UNI-R-1361,23/01/2021,23/01/2021
Unpublished,UNI-R-1360,23/01/2021,23/01/2021
Unpublished,UNI-R-1358,23/01/2021,23/01/2021
Unpublished,UNI-R-1357,23/01/2021,23/01/2021
Unpublished,UNI-R-1355,23/01/2021,23/01/2021
Unpublished,UNI-R-1351,23/01/2021,23/01/2021
Unpublished,UNI-R-1350,23/01/2021,23/01/2021
Published,UNI-R-1026,22/11/2020,23/01/2021
Unpublished,UNI-R-1185,09/01/2021,23/01/2021
Unpublished,UNI-R-1345,23/01/2021,23/01/2021
Unpublished,UNI-R-1344,23/01/2021,23/01/2021
Unpublished,UNI-R-1150,26/12/2020,21/01/2021
Unpublished,UNI-R-1035,24/11/2020,21/01/2021
Unpublished,UNI-R-1343,21/01/2021,21/01/2021
Published,UNI-R-1068,06/12/2020,21/01/2021
Unpublished,UNI-R-1160,30/12/2020,21/01/2021
Unpublished,UNI-R-1064,05/12/2020,21/01/2021
Unpublished,UNI-R-1339,21/01/2021,21/01/2021
Unpublished,UNI-R-1338,21/01/2021,21/01/2021
Unpublished,UNI-R-1337,21/01/2021,21/01/2021
Unpublished,UNI-R-1336,21/01/2021,21/01/2021
Published,UNI-R-1335,21/01/2021,21/01/2021
Unpublished,UNI-R-1334,21/01/2021,21/01/2021
Unpublished,UNI-R-1333,21/01/2021,21/01/2021
Unpublished,UNI-R-1332,21/01/2021,21/01/2021
Published,UNI-R-1307,20/01/2021,20/01/2021
Published,UNI-R-1326,20/01/2021,20/01/2021
Unpublished,UNI-R-1331,20/01/2021,20/01/2021
Published,UNI-R-1330,20/01/2021,20/01/2021
Unpublished,UNI-R-1329,20/01/2021,20/01/2021
Unpublished,UNI-R-1328,20/01/2021,20/01/2021
Unpublished,UNI-R-1325,20/01/2021,20/01/2021
Unpublished,UNI-R-1324,20/01/2021,20/01/2021
Unpublished,UNI-R-1323,20/01/2021,20/01/2021
Unpublished,UNI-R-1322,20/01/2021,20/01/2021
Unpublished,UNI-R-1321,20/01/2021,20/01/2021
Unpublished,UNI-R-1319,20/01/2021,20/01/2021
Unpublished,UNI-R-1316,20/01/2021,20/01/2021
Unpublished,UNI-R-1318,20/01/2021,20/01/2021
Unpublished,UNI-R-1317,20/01/2021,20/01/2021
Unpublished,UNI-R-1315,20/01/2021,20/01/2021
Unpublished,UNI-R-1309,20/01/2021,20/01/2021
Unpublished,UNI-R-1314,20/01/2021,20/01/2021
Unpublished,UNI-R-1313,20/01/2021,20/01/2021
Unpublished,UNI-R-1312,20/01/2021,20/01/2021
Unpublished,UNI-R-1311,20/01/2021,20/01/2021
Unpublished,UNI-R-1310,20/01/2021,20/01/2021
Unpublished,UNI-R-1308,20/01/2021,20/01/2021
Unpublished,UNI-R-1306,20/01/2021,20/01/2021
Unpublished,UNI-R-1305,20/01/2021,20/01/2021
Unpublished,UNI-R-1304,20/01/2021,20/01/2021
Unpublished,UNI-R-1303,20/01/2021,20/01/2021
Unpublished,UNI-R-1302,20/01/2021,20/01/2021
Unpublished,UNI-R-1301,19/01/2021,19/01/2021
Unpublished,UNI-R-1300,19/01/2021,19/01/2021
Unpublished,UNI-R-1299,19/01/2021,19/01/2021
Unpublished,UNI-R-1298,19/01/2021,19/01/2021
Unpublished,UNI-R-1297,19/01/2021,19/01/2021
Unpublished,UNI-R-1296,19/01/2021,19/01/2021
Unpublished,UNI-R-1295,19/01/2021,19/01/2021
Unpublished,UNI-R-1293,19/01/2021,19/01/2021
Unpublished,UNI-R-1292,19/01/2021,19/01/2021
Unpublished,UNI-R-1291,19/01/2021,19/01/2021
Unpublished,UNI-R-1290,19/01/2021,19/01/2021
Unpublished,UNI-R-1289,19/01/2021,19/01/2021
Unpublished,UNI-R-1288,19/01/2021,19/01/2021
Unpublished,UNI-R-1287,19/01/2021,19/01/2021
Unpublished,UNI-R-1286,19/01/2021,19/01/2021
Unpublished,UNI-R-1285,19/01/2021,19/01/2021
Published,UNI-R-1284,19/01/2021,19/01/2021
Unpublished,UNI-R-1283,19/01/2021,19/01/2021
Unpublished,UNI-R-1282,19/01/2021,19/01/2021
Unpublished,UNI-R-1281,19/01/2021,19/01/2021
Unpublished,UNI-R-1280,19/01/2021,19/01/2021
Published,UNI-S-1908,26/05/2021,30/05/2021
Unpublished,UNI-S-1901,24/05/2021,25/05/2021
Draft,UNI-S-1573,07/02/2021,24/05/2021
Unpublished,UNI-S-1196,27/12/2020,24/05/2021
Published,UNI-S-1900,24/05/2021,24/05/2021
Published,UNI-S-1899,24/05/2021,24/05/2021
Unpublished,UNI-S-1048,28/11/2020,22/05/2021
Unpublished,UNI-S-1264,11/01/2021,22/05/2021
Unpublished,UNI-S-1039,23/11/2020,20/05/2021
Unpublished,UNI-S-1896,20/05/2021,20/05/2021
Unpublished,UNI-S-1873,19/04/2021,19/05/2021
Unpublished,UNI-S-1804,22/03/2021,19/05/2021
Unpublished,UNI-S-1268,11/01/2021,19/05/2021
Unpublished,UNI-S-1037,23/11/2020,18/05/2021
Unpublished,UNI-S-1582,08/02/2021,17/05/2021
Published,UNI-S-1820,24/03/2021,17/05/2021
Unpublished,UNI-S-1099,13/12/2020,16/05/2021
Unpublished,UNI-S-1869,15/04/2021,05/05/2021
Unpublished,UNI-S-1622,11/02/2021,03/05/2021
Unpublished,UNI-S-1888,02/05/2021,02/05/2021
Unpublished,UNI-S-1887,02/05/2021,02/05/2021
Unpublished,UNI-S-1886,02/05/2021,02/05/2021
Unpublished,UNI-S-1885,02/05/2021,02/05/2021
Unpublished,UNI-S-1882,01/05/2021,01/05/2021
Unpublished,UNI-S-1884,01/05/2021,01/05/2021
Unpublished,UNI-S-1883,01/05/2021,01/05/2021
Published,UNI-S-1049,28/11/2020,24/04/2021
Published,UNI-S-1102,14/12/2020,24/04/2021
Published,UNI-S-1154,19/12/2020,24/04/2021
Unpublished,UNI-S-1249,10/01/2021,20/04/2021
Unpublished,UNI-S-1574,07/02/2021,20/04/2021
Published,UNI-S-1232,07/01/2021,19/04/2021
Unpublished,UNI-S-1649,15/02/2021,18/04/2021
Unpublished,UNI-S-1803,22/03/2021,17/04/2021
Unpublished,UNI-S-1220,06/01/2021,15/04/2021
Unpublished,UNI-S-1694,22/02/2021,15/04/2021
Unpublished,UNI-S-1512,31/01/2021,14/04/2021
Published,UNI-S-1859,06/04/2021,12/04/2021
Unpublished,UNI-S-1800,21/03/2021,08/04/2021
Published,UNI-S-1863,08/04/2021,08/04/2021
Published,UNI-S-1844,04/04/2021,06/04/2021
Unpublished,UNI-S-1857,06/04/2021,06/04/2021
Unpublished,UNI-S-1365,18/01/2021,05/04/2021
Published,UNI-S-1854,05/04/2021,05/04/2021
Unpublished,UNI-S-1300,16/01/2021,05/04/2021
Unpublished,UNI-S-1301,16/01/2021,05/04/2021
Unpublished,UNI-S-1853,05/04/2021,05/04/2021
Unpublished,UNI-S-1306,16/01/2021,05/04/2021
Draft,UNI-S-1785,17/03/2021,05/04/2021
Unpublished,UNI-S-1057,29/11/2020,05/04/2021
Unpublished,UNI-S-1161,20/12/2020,03/04/2021
Unpublished,UNI-S-1147,17/12/2020,03/04/2021
Unpublished,UNI-S-1843,03/04/2021,03/04/2021
Unpublished,UNI-S-1842,03/04/2021,03/04/2021
Unpublished,UNI-S-1841,03/04/2021,03/04/2021
Draft,UNI-S-1183,26/12/2020,03/04/2021
Unpublished,UNI-S-1840,03/04/2021,03/04/2021
Unpublished,UNI-S-1164,21/12/2020,03/04/2021
Unpublished,UNI-S-1839,03/04/2021,03/04/2021
Unpublished,UNI-S-1838,03/04/2021,03/04/2021
Unpublished,UNI-S-1837,03/04/2021,03/04/2021
Published,UNI-S-1440,23/01/2021,01/04/2021
Published,UNI-S-1511,30/01/2021,01/04/2021
Published,UNI-S-1523,01/02/2021,01/04/2021
Published,UNI-S-1538,02/02/2021,01/04/2021
Published,UNI-S-1542,03/02/2021,01/04/2021
Published,UNI-S-1621,11/02/2021,01/04/2021
Published,UNI-S-1641,14/02/2021,01/04/2021
Unpublished,UNI-S-1835,01/04/2021,01/04/2021
Unpublished,UNI-S-1025,22/11/2020,25/03/2021
Draft,UNI-S-1822,24/03/2021,24/03/2021
Published,UNI-S-1567,06/02/2021,24/03/2021
Unpublished,UNI-S-1767,14/03/2021,23/03/2021
Unpublished,UNI-S-1404,23/01/2021,22/03/2021
Unpublished,UNI-S-1353,17/01/2021,18/03/2021
Unpublished,UNI-S-1168,21/12/2020,18/03/2021
Unpublished,UNI-S-1205,29/12/2020,18/03/2021
Unpublished,UNI-S-1156,20/12/2020,16/03/2021
Unpublished,UNI-S-1769,15/03/2021,15/03/2021
Unpublished,UNI-S-1768,14/03/2021,14/03/2021
Unpublished,UNI-S-1374,19/01/2021,14/03/2021
Unpublished,UNI-S-1762,13/03/2021,13/03/2021
Unpublished,UNI-S-1761,13/03/2021,13/03/2021
Unpublished,UNI-S-1760,13/03/2021,13/03/2021
Unpublished,UNI-S-1759,13/03/2021,13/03/2021
Unpublished,UNI-S-1403,23/01/2021,11/03/2021
Unpublished,UNI-S-1473,25/01/2021,11/03/2021
Unpublished,UNI-S-1577,07/02/2021,10/03/2021
Unpublished,UNI-S-1753,10/03/2021,10/03/2021
Unpublished,UNI-S-1751,10/03/2021,10/03/2021
Unpublished,UNI-S-1002,18/11/2020,09/03/2021
Unpublished,UNI-S-1747,08/03/2021,08/03/2021
Unpublished,UNI-S-1745,08/03/2021,08/03/2021
Unpublished,UNI-S-1744,08/03/2021,08/03/2021
Unpublished,UNI-S-1743,08/03/2021,08/03/2021
Published,UNI-S-1539,02/02/2021,07/03/2021
Published,UNI-S-1288,13/01/2021,07/03/2021
Published,UNI-S-1568,06/02/2021,07/03/2021
Unpublished,UNI-S-1646,15/02/2021,07/03/2021
Unpublished,UNI-S-1589,09/02/2021,07/03/2021
Unpublished,UNI-R-1279,19/01/2021,19/01/2021
Published,UNI-R-1278,19/01/2021,19/01/2021
Unpublished,UNI-R-1276,19/01/2021,19/01/2021
Unpublished,UNI-R-1275,19/01/2021,19/01/2021
Unpublished,UNI-R-1274,19/01/2021,19/01/2021
Unpublished,UNI-R-1273,18/01/2021,18/01/2021
Published,UNI-R-1263,18/01/2021,18/01/2021
Unpublished,UNI-R-1272,18/01/2021,18/01/2021
Unpublished,UNI-R-1271,18/01/2021,18/01/2021
Unpublished,UNI-R-1270,18/01/2021,18/01/2021
Unpublished,UNI-R-1269,18/01/2021,18/01/2021
Unpublished,UNI-R-1268,18/01/2021,18/01/2021
Unpublished,UNI-R-1267,18/01/2021,18/01/2021
Unpublished,UNI-R-1265,18/01/2021,18/01/2021
Unpublished,UNI-R-1264,18/01/2021,18/01/2021
Unpublished,UNI-R-1262,18/01/2021,18/01/2021
Unpublished,UNI-R-1261,18/01/2021,18/01/2021
Unpublished,UNI-R-1197,11/01/2021,18/01/2021
Unpublished,UNI-R-1260,18/01/2021,18/01/2021
Unpublished,UNI-R-1257,18/01/2021,18/01/2021
Published,UNI-R-1258,18/01/2021,18/01/2021
Unpublished,UNI-R-1256,18/01/2021,18/01/2021
Unpublished,UNI-R-1255,18/01/2021,18/01/2021
Unpublished,UNI-R-1254,18/01/2021,18/01/2021
Published,UNI-R-1253,18/01/2021,18/01/2021
Unpublished,UNI-R-1252,18/01/2021,18/01/2021
Published,UNI-R-1250,17/01/2021,17/01/2021
Unpublished,UNI-R-1249,17/01/2021,17/01/2021
Unpublished,UNI-R-1248,17/01/2021,17/01/2021
Unpublished,UNI-R-1247,17/01/2021,17/01/2021
Unpublished,UNI-R-1245,17/01/2021,17/01/2021
Unpublished,UNI-R-1244,17/01/2021,17/01/2021
Unpublished,UNI-R-1243,17/01/2021,17/01/2021
Unpublished,UNI-R-1242,17/01/2021,17/01/2021
Published,UNI-R-1241,17/01/2021,17/01/2021
Unpublished,UNI-R-1240,17/01/2021,17/01/2021
Unpublished,UNI-R-1239,17/01/2021,17/01/2021
Unpublished,UNI-R-1238,17/01/2021,17/01/2021
Unpublished,UNI-R-1237,17/01/2021,17/01/2021
Unpublished,UNI-R-1067,06/12/2020,17/01/2021
Unpublished,UNI-R-1236,17/01/2021,17/01/2021
Unpublished,UNI-R-1235,17/01/2021,17/01/2021
Unpublished,UNI-R-1234,17/01/2021,17/01/2021
Unpublished,UNI-R-1233,17/01/2021,17/01/2021
Unpublished,UNI-R-1232,17/01/2021,17/01/2021
Unpublished,UNI-R-1230,17/01/2021,17/01/2021
Unpublished,UNI-R-1231,17/01/2021,17/01/2021
Unpublished,UNI-R-1229,17/01/2021,17/01/2021
Unpublished,UNI-R-1228,17/01/2021,17/01/2021
Unpublished,UNI-R-1227,17/01/2021,17/01/2021
Unpublished,UNI-R-1225,16/01/2021,16/01/2021
Unpublished,UNI-R-1224,16/01/2021,16/01/2021
Unpublished,UNI-R-1223,16/01/2021,16/01/2021
Unpublished,UNI-R-1222,16/01/2021,16/01/2021
Unpublished,UNI-R-1221,16/01/2021,16/01/2021
Unpublished,UNI-R-1220,16/01/2021,16/01/2021
Unpublished,UNI-R-1219,16/01/2021,16/01/2021
Unpublished,UNI-R-1217,16/01/2021,16/01/2021
Unpublished,UNI-R-1216,16/01/2021,16/01/2021
Unpublished,UNI-R-1215,16/01/2021,16/01/2021
Unpublished,UNI-R-1214,16/01/2021,16/01/2021
Unpublished,UNI-R-1209,14/01/2021,14/01/2021
Unpublished,UNI-R-1208,14/01/2021,14/01/2021
Published,UNI-R-1207,13/01/2021,13/01/2021
Published,UNI-R-1204,13/01/2021,13/01/2021
Published,UNI-R-1205,13/01/2021,13/01/2021
Published,UNI-R-1199,13/01/2021,13/01/2021
Published,UNI-R-1196,11/01/2021,11/01/2021
Published,UNI-R-1195,11/01/2021,11/01/2021
Unpublished,UNI-R-1192,10/01/2021,10/01/2021
Unpublished,UNI-R-1191,10/01/2021,10/01/2021
Published,UNI-R-1190,10/01/2021,10/01/2021
Unpublished,UNI-R-1189,10/01/2021,10/01/2021
Unpublished,UNI-R-1188,10/01/2021,10/01/2021
Unpublished,UNI-R-1186,09/01/2021,09/01/2021
Unpublished,UNI-R-1182,06/01/2021,06/01/2021
Unpublished,UNI-R-1181,06/01/2021,06/01/2021
Unpublished,UNI-R-1180,06/01/2021,06/01/2021
Unpublished,UNI-R-1179,06/01/2021,06/01/2021
Unpublished,UNI-R-1178,06/01/2021,06/01/2021
Unpublished,UNI-R-1177,06/01/2021,06/01/2021
Unpublished,UNI-R-1176,06/01/2021,06/01/2021
Unpublished,UNI-R-1175,06/01/2021,06/01/2021
Unpublished,UNI-R-1174,06/01/2021,06/01/2021
Unpublished,UNI-R-1173,06/01/2021,06/01/2021
Unpublished,UNI-R-1172,06/01/2021,06/01/2021
Unpublished,UNI-R-1171,05/01/2021,05/01/2021
Unpublished,UNI-R-1168,04/01/2021,04/01/2021
Unpublished,UNI-R-1166,04/01/2021,04/01/2021
Unpublished,UNI-R-1165,04/01/2021,04/01/2021
Published,UNI-R-1163,31/12/2020,31/12/2020
Published,UNI-R-1158,28/12/2020,28/12/2020
Published,UNI-R-1157,28/12/2020,28/12/2020
Published,UNI-R-1154,27/12/2020,27/12/2020
Published,UNI-R-1022,22/11/2020,27/12/2020
Unpublished,UNI-R-1153,27/12/2020,27/12/2020
Unpublished,UNI-R-1152,27/12/2020,27/12/2020
Published,UNI-R-1149,26/12/2020,26/12/2020
Published,UNI-R-1065,05/12/2020,26/12/2020
Unpublished,UNI-R-1004,18/11/2020,26/12/2020
Unpublished,UNI-S-1724,02/03/2021,07/03/2021
Unpublished,UNI-S-1630,13/02/2021,07/03/2021
Unpublished,UNI-S-1637,14/02/2021,07/03/2021
Unpublished,UNI-S-1558,04/02/2021,07/03/2021
Unpublished,UNI-S-1734,06/03/2021,06/03/2021
Unpublished,UNI-S-1732,04/03/2021,04/03/2021
Unpublished,UNI-S-1731,04/03/2021,04/03/2021
Unpublished,UNI-S-1729,03/03/2021,03/03/2021
Unpublished,UNI-S-1728,03/03/2021,03/03/2021
Unpublished,UNI-S-1562,06/02/2021,27/02/2021
Unpublished,UNI-S-1677,20/02/2021,25/02/2021
Unpublished,UNI-S-1704,24/02/2021,24/02/2021
Unpublished,UNI-S-1703,24/02/2021,24/02/2021
Unpublished,UNI-S-1492,26/01/2021,24/02/2021
Unpublished,UNI-S-1219,05/01/2021,23/02/2021
Unpublished,UNI-S-1003,18/11/2020,23/02/2021
Unpublished,UNI-S-1699,23/02/2021,23/02/2021
Unpublished,UNI-S-1458,23/01/2021,23/02/2021
Unpublished,UNI-S-1698,23/02/2021,23/02/2021
Unpublished,UNI-S-1515,31/01/2021,22/02/2021
Unpublished,UNI-S-1602,10/02/2021,22/02/2021
Unpublished,UNI-S-1688,21/02/2021,21/02/2021
Unpublished,UNI-S-1687,21/02/2021,21/02/2021
Unpublished,UNI-S-1686,21/02/2021,21/02/2021
Unpublished,UNI-S-1685,21/02/2021,21/02/2021
Unpublished,UNI-S-1678,20/02/2021,20/02/2021
Unpublished,UNI-S-1669,18/02/2021,18/02/2021
Unpublished,UNI-S-1668,18/02/2021,18/02/2021
Unpublished,UNI-S-1667,18/02/2021,18/02/2021
Unpublished,UNI-S-1665,17/02/2021,17/02/2021
Unpublished,UNI-S-1664,17/02/2021,17/02/2021
Unpublished,UNI-S-1663,17/02/2021,17/02/2021
Unpublished,UNI-S-1662,17/02/2021,17/02/2021
Unpublished,UNI-S-1656,17/02/2021,17/02/2021
Unpublished,UNI-S-1655,17/02/2021,17/02/2021
Unpublished,UNI-S-1654,17/02/2021,17/02/2021
Unpublished,UNI-S-1035,23/11/2020,17/02/2021
Unpublished,UNI-S-1108,16/12/2020,16/02/2021
Unpublished,UNI-S-1651,15/02/2021,15/02/2021
Unpublished,UNI-S-1016,22/11/2020,14/02/2021
Unpublished,UNI-S-1642,14/02/2021,14/02/2021
Unpublished,UNI-S-1628,13/02/2021,13/02/2021
Draft,UNI-S-1627,13/02/2021,13/02/2021
Published,UNI-S-1626,13/02/2021,13/02/2021
Published,UNI-S-1624,11/02/2021,11/02/2021
Published,UNI-S-1623,11/02/2021,11/02/2021
Unpublished,UNI-S-1613,11/02/2021,11/02/2021
Unpublished,UNI-S-1612,11/02/2021,11/02/2021
Unpublished,UNI-S-1611,11/02/2021,11/02/2021
Unpublished,UNI-S-1610,11/02/2021,11/02/2021
Unpublished,UNI-S-1609,11/02/2021,11/02/2021
Unpublished,UNI-S-1608,11/02/2021,11/02/2021
Published,UNI-S-1606,10/02/2021,10/02/2021
Unpublished,UNI-S-1265,11/01/2021,10/02/2021
Unpublished,UNI-S-1569,06/02/2021,10/02/2021
Published,UNI-S-1600,10/02/2021,10/02/2021
Unpublished,UNI-S-1588,09/02/2021,09/02/2021
Unpublished,UNI-S-1587,09/02/2021,09/02/2021
Unpublished,UNI-S-1586,09/02/2021,09/02/2021
Unpublished,UNI-S-1585,09/02/2021,09/02/2021
Unpublished,UNI-S-1258,11/01/2021,07/02/2021
Unpublished,UNI-S-1570,07/02/2021,07/02/2021
Unpublished,UNI-S-1559,06/02/2021,06/02/2021
Unpublished,UNI-S-1502,28/01/2021,04/02/2021
Unpublished,UNI-S-1190,26/12/2020,01/02/2021
Unpublished,UNI-S-1526,01/02/2021,01/02/2021
Unpublished,UNI-S-1522,01/02/2021,01/02/2021
Unpublished,UNI-S-1209,30/12/2020,01/02/2021
Unpublished,UNI-S-1521,31/01/2021,31/01/2021
Unpublished,UNI-S-1517,31/01/2021,31/01/2021
Unpublished,UNI-S-1514,31/01/2021,31/01/2021
Unpublished,UNI-S-1513,31/01/2021,31/01/2021
Unpublished,UNI-S-1296,14/01/2021,30/01/2021
Unpublished,UNI-S-1192,26/12/2020,28/01/2021
Unpublished,UNI-S-1500,28/01/2021,28/01/2021
Unpublished,UNI-S-1472,25/01/2021,28/01/2021
Unpublished,UNI-S-1499,28/01/2021,28/01/2021
Published,UNI-S-1339,17/01/2021,27/01/2021
Published,UNI-S-1309,16/01/2021,27/01/2021
Published,UNI-S-1344,17/01/2021,27/01/2021
Unpublished,UNI-S-1401,21/01/2021,27/01/2021
Unpublished,UNI-S-1496,26/01/2021,27/01/2021
Unpublished,UNI-S-1493,26/01/2021,26/01/2021
Unpublished,UNI-S-1077,05/12/2020,26/01/2021
Unpublished,UNI-S-1017,22/11/2020,26/01/2021
Unpublished,UNI-S-1485,25/01/2021,26/01/2021
Unpublished,UNI-S-1489,26/01/2021,26/01/2021
Unpublished,UNI-S-1488,25/01/2021,25/01/2021
Unpublished,UNI-S-1487,25/01/2021,25/01/2021
Unpublished,UNI-S-1486,25/01/2021,25/01/2021
Unpublished,UNI-S-1484,25/01/2021,25/01/2021
Unpublished,UNI-S-1482,25/01/2021,25/01/2021
Unpublished,UNI-S-1481,25/01/2021,25/01/2021
Unpublished,UNI-S-1480,25/01/2021,25/01/2021
Unpublished,UNI-S-1479,25/01/2021,25/01/2021
Unpublished,UNI-S-1477,25/01/2021,25/01/2021
Unpublished,UNI-S-1471,25/01/2021,25/01/2021
Unpublished,UNI-S-1469,25/01/2021,25/01/2021
Unpublished,UNI-S-1468,25/01/2021,25/01/2021
Unpublished,UNI-S-1463,24/01/2021,24/01/2021
Published,UNI-R-1148,26/12/2020,26/12/2020
Published,UNI-R-1147,26/12/2020,26/12/2020
Published,UNI-R-1146,26/12/2020,26/12/2020
Published,UNI-R-1145,26/12/2020,26/12/2020
Published,UNI-R-1144,26/12/2020,26/12/2020
Published,UNI-R-1143,26/12/2020,26/12/2020
Published,UNI-R-1142,26/12/2020,26/12/2020
Unpublished,UNI-R-1141,23/12/2020,23/12/2020
Published,UNI-R-1140,23/12/2020,23/12/2020
Unpublished,UNI-R-1139,23/12/2020,23/12/2020
Unpublished,UNI-R-1138,23/12/2020,23/12/2020
Unpublished,UNI-R-1137,23/12/2020,23/12/2020
Published,UNI-R-1136,23/12/2020,23/12/2020
Published,UNI-R-1135,23/12/2020,23/12/2020
Unpublished,UNI-R-1134,22/12/2020,23/12/2020
Unpublished,UNI-R-1133,22/12/2020,22/12/2020
Unpublished,UNI-R-1132,22/12/2020,22/12/2020
Unpublished,UNI-R-1131,22/12/2020,22/12/2020
Unpublished,UNI-R-1130,22/12/2020,22/12/2020
Unpublished,UNI-R-1129,22/12/2020,22/12/2020
Unpublished,UNI-R-1128,22/12/2020,22/12/2020
Unpublished,UNI-R-1066,06/12/2020,22/12/2020
Published,UNI-R-1124,22/12/2020,22/12/2020
Unpublished,UNI-R-1002,17/11/2020,21/12/2020
Unpublished,UNI-R-1055,28/11/2020,21/12/2020
Unpublished,UNI-R-1122,21/12/2020,21/12/2020
Unpublished,UNI-R-1121,21/12/2020,21/12/2020
Unpublished,UNI-R-1120,21/12/2020,21/12/2020
Unpublished,UNI-R-1119,21/12/2020,21/12/2020
Unpublished,UNI-R-1116,20/12/2020,20/12/2020
Unpublished,UNI-R-1114,20/12/2020,20/12/2020
Unpublished,UNI-R-1115,20/12/2020,20/12/2020
Unpublished,UNI-R-1113,20/12/2020,20/12/2020
Unpublished,UNI-R-1112,20/12/2020,20/12/2020
Unpublished,UNI-R-1111,20/12/2020,20/12/2020
Published,UNI-R-1110,20/12/2020,20/12/2020
Unpublished,UNI-R-1109,20/12/2020,20/12/2020
Unpublished,UNI-R-1108,20/12/2020,20/12/2020
Unpublished,UNI-R-1107,20/12/2020,20/12/2020
Unpublished,UNI-R-1106,20/12/2020,20/12/2020
Published,UNI-R-1105,20/12/2020,20/12/2020
Unpublished,UNI-R-1104,19/12/2020,19/12/2020
Unpublished,UNI-R-1103,19/12/2020,19/12/2020
Published,UNI-R-1102,19/12/2020,19/12/2020
Published,UNI-R-1100,19/12/2020,19/12/2020
Unpublished,UNI-R-1096,19/12/2020,19/12/2020
Unpublished,UNI-R-1099,19/12/2020,19/12/2020
Unpublished,UNI-R-1098,19/12/2020,19/12/2020
Unpublished,UNI-R-1097,19/12/2020,19/12/2020
Unpublished,UNI-R-1095,19/12/2020,19/12/2020
Unpublished,UNI-R-1094,19/12/2020,19/12/2020
Unpublished,UNI-R-1093,19/12/2020,19/12/2020
Unpublished,UNI-R-1092,19/12/2020,19/12/2020
Unpublished,UNI-R-1091,19/12/2020,19/12/2020
Unpublished,UNI-R-1090,17/12/2020,17/12/2020
Unpublished,UNI-R-1089,17/12/2020,17/12/2020
Unpublished,UNI-R-1088,17/12/2020,17/12/2020
Unpublished,UNI-R-1087,17/12/2020,17/12/2020
Unpublished,UNI-R-1086,17/12/2020,17/12/2020
Unpublished,UNI-R-1085,17/12/2020,17/12/2020
Unpublished,UNI-R-1084,17/12/2020,17/12/2020
Unpublished,UNI-R-1083,17/12/2020,17/12/2020
Unpublished,UNI-R-1082,16/12/2020,16/12/2020
Unpublished,UNI-R-1081,16/12/2020,16/12/2020
Unpublished,UNI-R-1080,16/12/2020,16/12/2020
Unpublished,UNI-R-1079,16/12/2020,16/12/2020
Unpublished,UNI-R-1078,16/12/2020,16/12/2020
Unpublished,UNI-R-1077,16/12/2020,16/12/2020
Published,UNI-R-1076,16/12/2020,16/12/2020
Published,UNI-R-1075,15/12/2020,15/12/2020
Published,UNI-R-1074,14/12/2020,14/12/2020
Published,UNI-R-1070,08/12/2020,09/12/2020
Published,UNI-R-1069,08/12/2020,08/12/2020
Published,UNI-R-1021,22/11/2020,08/12/2020
Published,UNI-R-1009,21/11/2020,07/12/2020
Published,UNI-R-1006,21/11/2020,07/12/2020
Published,UNI-R-1063,05/12/2020,05/12/2020
Published,UNI-R-1062,05/12/2020,05/12/2020
Published,UNI-R-1061,29/11/2020,29/11/2020
Published,UNI-R-1059,29/11/2020,29/11/2020
Published,UNI-R-1057,29/11/2020,29/11/2020
Unpublished,UNI-R-1056,28/11/2020,28/11/2020
Published,UNI-R-1023,22/11/2020,28/11/2020
Published,UNI-R-1025,22/11/2020,28/11/2020
Published,UNI-R-1005,19/11/2020,28/11/2020
Published,UNI-R-1008,21/11/2020,28/11/2020
Published,UNI-R-1007,21/11/2020,28/11/2020
Published,UNI-R-1018,22/11/2020,28/11/2020
Published,UNI-R-1019,22/11/2020,28/11/2020
Draft,UNI-R-1054,28/11/2020,28/11/2020
Unpublished,UNI-R-1029,23/11/2020,28/11/2020
Published,UNI-R-1050,24/11/2020,28/11/2020
Published,UNI-R-1051,26/11/2020,28/11/2020
Published,UNI-R-1053,26/11/2020,28/11/2020
Unpublished,UNI-R-1049,24/11/2020,24/11/2020
Unpublished,UNI-R-1048,24/11/2020,24/11/2020
Unpublished,UNI-R-1047,24/11/2020,24/11/2020
Unpublished,UNI-R-1046,24/11/2020,24/11/2020
Unpublished,UNI-R-1045,24/11/2020,24/11/2020
Unpublished,UNI-R-1044,24/11/2020,24/11/2020
Unpublished,UNI-S-1462,24/01/2021,24/01/2021
Unpublished,UNI-S-1461,24/01/2021,24/01/2021
Unpublished,UNI-S-1460,24/01/2021,24/01/2021
Unpublished,UNI-S-1459,24/01/2021,24/01/2021
Unpublished,UNI-S-1443,23/01/2021,24/01/2021
Unpublished,UNI-S-1456,23/01/2021,23/01/2021
Unpublished,UNI-S-1455,23/01/2021,23/01/2021
Unpublished,UNI-S-1453,23/01/2021,23/01/2021
Unpublished,UNI-S-1452,23/01/2021,23/01/2021
Unpublished,UNI-S-1451,23/01/2021,23/01/2021
Unpublished,UNI-S-1450,23/01/2021,23/01/2021
Unpublished,UNI-S-1448,23/01/2021,23/01/2021
Unpublished,UNI-S-1446,23/01/2021,23/01/2021
Unpublished,UNI-S-1445,23/01/2021,23/01/2021
Unpublished,UNI-S-1444,23/01/2021,23/01/2021
Unpublished,UNI-S-1028,22/11/2020,23/01/2021
Unpublished,UNI-S-1442,23/01/2021,23/01/2021
Unpublished,UNI-S-1441,23/01/2021,23/01/2021
Unpublished,UNI-S-1436,23/01/2021,23/01/2021
Unpublished,UNI-S-1431,23/01/2021,23/01/2021
Unpublished,UNI-S-1430,23/01/2021,23/01/2021
Unpublished,UNI-S-1429,23/01/2021,23/01/2021
Unpublished,UNI-S-1428,23/01/2021,23/01/2021
Unpublished,UNI-S-1427,23/01/2021,23/01/2021
Unpublished,UNI-S-1425,23/01/2021,23/01/2021
Unpublished,UNI-S-1424,23/01/2021,23/01/2021
Unpublished,UNI-S-1422,23/01/2021,23/01/2021
Unpublished,UNI-S-1420,23/01/2021,23/01/2021
Unpublished,UNI-S-1421,23/01/2021,23/01/2021
Unpublished,UNI-S-1419,23/01/2021,23/01/2021
Unpublished,UNI-S-1418,23/01/2021,23/01/2021
Unpublished,UNI-S-1416,23/01/2021,23/01/2021
Unpublished,UNI-S-1415,23/01/2021,23/01/2021
Unpublished,UNI-S-1414,23/01/2021,23/01/2021
Unpublished,UNI-S-1413,23/01/2021,23/01/2021
Unpublished,UNI-S-1412,23/01/2021,23/01/2021
Unpublished,UNI-S-1409,23/01/2021,23/01/2021
Unpublished,UNI-S-1410,23/01/2021,23/01/2021
Unpublished,UNI-S-1408,23/01/2021,23/01/2021
Unpublished,UNI-S-1407,23/01/2021,23/01/2021
Unpublished,UNI-S-1406,23/01/2021,23/01/2021
Unpublished,UNI-S-1405,23/01/2021,23/01/2021
Unpublished,UNI-S-1396,21/01/2021,21/01/2021
Unpublished,UNI-S-1086,06/12/2020,20/01/2021
Unpublished,UNI-S-1389,20/01/2021,20/01/2021
Unpublished,UNI-S-1388,20/01/2021,20/01/2021
Unpublished,UNI-S-1203,28/12/2020,20/01/2021
Unpublished,UNI-S-1386,20/01/2021,20/01/2021
Unpublished,UNI-S-1384,19/01/2021,19/01/2021
Unpublished,UNI-S-1380,19/01/2021,19/01/2021
Unpublished,UNI-S-1026,22/11/2020,19/01/2021
Unpublished,UNI-S-1379,19/01/2021,19/01/2021
Unpublished,UNI-S-1377,19/01/2021,19/01/2021
Unpublished,UNI-S-1376,19/01/2021,19/01/2021
Unpublished,UNI-S-1375,19/01/2021,19/01/2021
Unpublished,UNI-S-1372,18/01/2021,18/01/2021
Unpublished,UNI-S-1371,18/01/2021,18/01/2021
Draft,UNI-S-1370,18/01/2021,18/01/2021
Unpublished,UNI-S-1369,18/01/2021,18/01/2021
Unpublished,UNI-S-1368,18/01/2021,18/01/2021
Unpublished,UNI-S-1363,18/01/2021,18/01/2021
Unpublished,UNI-S-1360,18/01/2021,18/01/2021
Unpublished,UNI-S-1107,16/12/2020,18/01/2021
Unpublished,UNI-S-1351,17/01/2021,18/01/2021
Unpublished,UNI-S-1352,17/01/2021,18/01/2021
Unpublished,UNI-S-1354,17/01/2021,18/01/2021
Unpublished,UNI-S-1359,18/01/2021,18/01/2021
Unpublished,UNI-S-1356,18/01/2021,18/01/2021
Unpublished,UNI-S-1355,18/01/2021,18/01/2021
Unpublished,UNI-S-1350,17/01/2021,17/01/2021
Unpublished,UNI-S-1349,17/01/2021,17/01/2021
Unpublished,UNI-S-1346,17/01/2021,17/01/2021
Unpublished,UNI-S-1340,17/01/2021,17/01/2021
Unpublished,UNI-S-1338,17/01/2021,17/01/2021
Unpublished,UNI-S-1337,17/01/2021,17/01/2021
Unpublished,UNI-S-1336,17/01/2021,17/01/2021
Unpublished,UNI-S-1335,17/01/2021,17/01/2021
Unpublished,UNI-S-1325,17/01/2021,17/01/2021
Unpublished,UNI-S-1334,17/01/2021,17/01/2021
Unpublished,UNI-S-1332,17/01/2021,17/01/2021
Unpublished,UNI-S-1331,17/01/2021,17/01/2021
Unpublished,UNI-S-1330,17/01/2021,17/01/2021
Unpublished,UNI-S-1329,17/01/2021,17/01/2021
Unpublished,UNI-S-1328,17/01/2021,17/01/2021
Unpublished,UNI-S-1327,17/01/2021,17/01/2021
Unpublished,UNI-S-1326,17/01/2021,17/01/2021
Unpublished,UNI-S-1324,17/01/2021,17/01/2021
Unpublished,UNI-S-1323,17/01/2021,17/01/2021
Unpublished,UNI-S-1322,17/01/2021,17/01/2021
Unpublished,UNI-S-1321,17/01/2021,17/01/2021
Unpublished,UNI-S-1320,17/01/2021,17/01/2021
Unpublished,UNI-S-1319,17/01/2021,17/01/2021
Unpublished,UNI-S-1318,17/01/2021,17/01/2021
Unpublished,UNI-S-1317,17/01/2021,17/01/2021
Unpublished,UNI-S-1314,17/01/2021,17/01/2021
Unpublished,UNI-S-1315,17/01/2021,17/01/2021
Unpublished,UNI-S-1316,17/01/2021,17/01/2021
Unpublished,UNI-S-1313,17/01/2021,17/01/2021
Unpublished,UNI-S-1033,23/11/2020,14/01/2021
Unpublished,UNI-S-1007,19/11/2020,13/01/2021
Unpublished,UNI-R-1043,24/11/2020,24/11/2020
Unpublished,UNI-R-1042,24/11/2020,24/11/2020
Unpublished,UNI-R-1041,24/11/2020,24/11/2020
Unpublished,UNI-R-1040,24/11/2020,24/11/2020
Unpublished,UNI-R-1039,24/11/2020,24/11/2020
Unpublished,UNI-R-1038,24/11/2020,24/11/2020
Unpublished,UNI-R-1037,24/11/2020,24/11/2020
Unpublished,UNI-R-1036,24/11/2020,24/11/2020
Unpublished,UNI-R-1034,24/11/2020,24/11/2020
Unpublished,UNI-R-1033,23/11/2020,23/11/2020
Unpublished,UNI-R-1031,23/11/2020,23/11/2020
Unpublished,UNI-R-1032,23/11/2020,23/11/2020
Unpublished,UNI-R-1028,23/11/2020,23/11/2020
Unpublished,UNI-R-1001,17/11/2020,23/11/2020
Unpublished,UNI-R-1027,23/11/2020,23/11/2020
Unpublished,UNI-R-1017,22/11/2020,22/11/2020
Unpublished,UNI-R-1016,22/11/2020,22/11/2020
Unpublished,UNI-R-1015,22/11/2020,22/11/2020
Unpublished,UNI-R-1013,22/11/2020,22/11/2020
Unpublished,UNI-R-1014,22/11/2020,22/11/2020
Unpublished,UNI-S-1233,09/01/2021,13/01/2021
Unpublished,UNI-S-1047,28/11/2020,13/01/2021
Unpublished,UNI-S-1269,11/01/2021,11/01/2021
Published,UNI-S-1212,03/01/2021,03/01/2021
Unpublished,UNI-S-1015,22/11/2020,27/12/2020
Unpublished,UNI-S-1014,21/11/2020,21/12/2020
Unpublished,UNI-S-1158,20/12/2020,21/12/2020
Unpublished,UNI-S-1163,21/12/2020,21/12/2020
Unpublished,UNI-S-1162,20/12/2020,20/12/2020
Unpublished,UNI-S-1095,09/12/2020,09/12/2020
Unpublished,UNI-S-1094,09/12/2020,09/12/2020
Unpublished,UNI-S-1071,29/11/2020,06/12/2020
Unpublished,UNI-S-1082,05/12/2020,05/12/2020
Unpublished,UNI-S-1062,29/11/2020,29/11/2020
Unpublished,UNI-S-1009,21/11/2020,28/11/2020
Unpublished,UNI-S-1030,22/11/2020,26/11/2020
Unpublished,UNI-S-1021,22/11/2020,25/11/2020
